$date
   Tue Jun  2 16:23:17 2026
$end

$version
  2025.2
  $dumpfile ("fifo.vcd") 
$end

$timescale
  1ps
$end

$scope module tb_async_fifo $end
$var reg 1 ! wr_clk $end
$var reg 1 " arst_n $end
$var reg 1 # wr_en $end
$var reg 32 $ wr_data [31:0] $end
$var reg 1 % full $end
$var reg 1 & rd_clk $end
$var reg 1 ' rd_en $end
$var reg 32 ( rd_data [31:0] $end
$var reg 1 ) empty $end
$var reg 32 * error_count [31:0] $end
$var reg 32 + test_count [31:0] $end
$scope module dut $end
$var wire 1 , wr_clk $end
$var wire 1 - arst_n $end
$var wire 1 . wr_en $end
$var wire 32 / wr_data [31:0] $end
$var reg 1 % full $end
$var wire 1 0 rd_clk $end
$var wire 1 1 rd_en $end
$var reg 32 ( rd_data [31:0] $end
$var reg 1 ) empty $end
$var reg 5 2 wr_ptr [4:0] $end
$var reg 5 3 rd_ptr [4:0] $end
$var reg 5 4 wr_ptr_gray [4:0] $end
$var reg 5 5 rd_ptr_gray [4:0] $end
$var reg 5 6 wr_gray_sync [4:0] $end
$var reg 5 7 rd_gray_sync [4:0] $end
$var reg 1 8 wr_en_mem $end
$var reg 1 9 rd_en_mem $end
$scope module u_mem $end
$var wire 1 , wr_clk $end
$var wire 1 : wr_en_mem $end
$var wire 5 ; wr_ptr [4:0] $end
$var wire 32 / wr_data [31:0] $end
$var wire 1 0 rd_clk $end
$var wire 1 < rd_en_mem $end
$var wire 5 = rd_ptr [4:0] $end
$var reg 32 ( rd_data [31:0] $end
$upscope $end
$scope module u_wr_ctrl $end
$var wire 1 , wr_clk $end
$var wire 1 - arst_n $end
$var wire 1 . wr_en $end
$var wire 5 > rd_gray_sync [4:0] $end
$var reg 5 2 wr_ptr [4:0] $end
$var reg 5 4 wr_ptr_gray [4:0] $end
$var reg 1 8 wr_en_mem $end
$var reg 1 % full $end
$var reg 5 ? wr_ptr_next [4:0] $end
$var reg 5 @ wr_ptr_gray_next [4:0] $end
$var reg 1 A full_next $end
$upscope $end
$scope module u_rd_ctrl $end
$var wire 1 0 rd_clk $end
$var wire 1 - arst_n $end
$var wire 1 1 rd_en $end
$var wire 5 B wr_gray_sync [4:0] $end
$var reg 5 3 rd_ptr [4:0] $end
$var reg 5 5 rd_ptr_gray [4:0] $end
$var reg 1 9 rd_en_mem $end
$var reg 1 ) empty $end
$var reg 5 C rd_ptr_next [4:0] $end
$var reg 5 D rd_ptr_gray_next [4:0] $end
$var reg 1 E empty_next $end
$upscope $end
$scope module u_sync_wr2rd $end
$var wire 1 0 clk $end
$var wire 1 - arst_n $end
$var wire 5 F d [4:0] $end
$var reg 5 6 q [4:0] $end
$var reg 5 G meta [4:0] $end
$var reg 5 H sync [4:0] $end
$upscope $end
$scope module u_sync_rd2wr $end
$var wire 1 , clk $end
$var wire 1 - arst_n $end
$var wire 5 I d [4:0] $end
$var reg 5 7 q [4:0] $end
$var reg 5 J meta [4:0] $end
$var reg 5 K sync [4:0] $end
$upscope $end
$upscope $end
$scope begin Block181_12 $end
$var reg 32 L i [31:0] $end
$upscope $end
$scope begin Block203_13 $end
$var reg 32 M i [31:0] $end
$upscope $end
$scope begin Block225_14 $end
$var reg 32 N i [31:0] $end
$upscope $end
$scope begin Block232_16 $end
$var reg 32 O i [31:0] $end
$upscope $end
$scope begin Block246_18 $end
$var reg 32 P i [31:0] $end
$upscope $end
$scope begin Block260_19 $end
$scope begin Block262_20 $end
$upscope $end
$upscope $end
$scope task write_word $end
$upscope $end
$scope task read_and_check $end
$upscope $end
$scope task wait_wr $end
$upscope $end
$scope task wait_rd $end
$upscope $end
$scope task apply_reset $end
$upscope $end
$upscope $end
$enddefinitions $end

#0
$dumpvars
0!
0"
0#
b0 $
0%
0&
0'
bx (
1)
b0 *
b0 +
0,
0-
0.
b0 /
00
01
b0 2
b0 3
b0 4
b0 5
b0 6
b0 7
08
09
0:
b0 ;
0<
b0 =
b0 >
b0 ?
b0 @
0A
b0 B
b0 C
b0 D
1E
b0 F
b0 G
b0 H
b0 I
b0 J
b0 K
b0 L
b0 M
b0 N
b0 O
b0 P
$end

#3500
1&
10

#5000
1!
1,

#7000
0&
00

#10000
0!
0,

#10500
1&
10

#14000
0&
00

#15000
1!
1,

#17500
1&
10

#20000
0!
0,

#21000
0&
00

#24500
1&
10

#25000
1!
1,

#28000
0&
00

#30000
0!
0,

#31500
1&
10

#35000
1!
0&
1,
00

#38500
1&
10

#40000
0!
0,

#42000
0&
00

#45000
1!
1,

#45500
1&
10

#49000
0&
00

#50000
0!
0,

#52500
1&
10

#55000
1!
1,

#56000
0&
00

#59500
1"
1&
1-
10

#60000
0!
0,

#63000
0&
00

#65000
1!
1,

#66500
1&
10

#70000
0!
0&
0,
00

#73500
1&
10

#75000
1!
1,

#77000
0&
00

#80000
0!
0,

#80500
1&
10

#84000
0&
00

#85000
1!
1,

#87500
1&
10

#90000
0!
0,

#91000
0&
00

#94500
1&
10

#95000
1!
1,

#96000
1#
b10100000000000000000000000000000 $
1.
b10100000000000000000000000000000 /
18
1:
b1 ?
b1 @

#98000
0&
00

#100000
0!
0,

#101500
1&
10

#105000
1!
0&
1,
00
b1 2
b1 4
b1 ;
b10 ?
b11 @
b1 F

#106000
0#
0.
08
0:
b1 ?
b1 @
b1 L

#108500
1&
10
b1 G

#110000
0!
0,

#112000
0&
00

#115000
1!
1,

#115500
1&
10
b1 6
b1 B
0E
b1 H

#116000
1#
b10100000000000000000000000000001 $
1.
b10100000000000000000000000000001 /
18
1:
b10 ?
b11 @

#119000
0&
00

#120000
0!
0,

#122500
1&
0)
10

#125000
1!
1,
b10 2
b11 4
b10 ;
b11 ?
b10 @
b11 F

#126000
0#
0&
0.
00
08
0:
b10 ?
b11 @
b10 L

#129500
1&
10
b11 G

#130000
0!
0,

#133000
0&
00

#135000
1!
1,

#136000
1#
b10100000000000000000000000000010 $
1.
b10100000000000000000000000000010 /
18
1:
b11 ?
b10 @

#136500
1&
10
b11 6
b11 B
b11 H

#140000
0!
0&
0,
00

#143500
1&
10

#145000
1!
1,
b11 2
b10 4
b11 ;
b100 ?
b110 @
b10 F

#146000
0#
0.
08
0:
b11 ?
b10 @
b11 L

#147000
0&
00

#150000
0!
0,

#150500
1&
10
b10 G

#154000
0&
00

#155000
1!
1,

#156000
1#
b10100000000000000000000000000011 $
1.
b10100000000000000000000000000011 /
18
1:
b100 ?
b110 @

#157500
1&
10
b10 6
b10 B
b10 H

#160000
0!
0,

#161000
0&
00

#164500
1&
10

#165000
1!
1,
b100 2
b110 4
b100 ;
b101 ?
b111 @
b110 F

#166000
0#
0.
08
0:
b100 ?
b110 @
b100 L

#168000
0&
00

#170000
0!
0,

#171500
1&
10
b110 G

#175000
1!
0&
1,
00

#176000
1#
b10100000000000000000000000000100 $
1.
b10100000000000000000000000000100 /
18
1:
b101 ?
b111 @

#178500
1&
10
b110 6
b110 B
b110 H

#180000
0!
0,

#182000
0&
00

#185000
1!
1,
b101 2
b111 4
b101 ;
b110 ?
b101 @
b111 F

#185500
1&
10
b111 G

#186000
0#
0.
08
0:
b101 ?
b111 @
b101 L

#189000
0&
00

#190000
0!
0,

#192500
1&
10
b111 6
b111 B
b111 H

#195000
1!
1,

#196000
1#
b10100000000000000000000000000101 $
0&
1.
b10100000000000000000000000000101 /
00
18
1:
b110 ?
b101 @

#199500
1&
10

#200000
0!
0,

#203000
0&
00

#205000
1!
1,
b110 2
b101 4
b110 ;
b111 ?
b100 @
b101 F

#206000
0#
0.
08
0:
b110 ?
b101 @
b110 L

#206500
1&
10
b101 G

#210000
0!
0&
0,
00

#213500
1&
10
b101 6
b101 B
b101 H

#215000
1!
1,

#216000
1#
b10100000000000000000000000000110 $
1.
b10100000000000000000000000000110 /
18
1:
b111 ?
b100 @

#217000
0&
00

#220000
0!
0,

#220500
1&
10

#224000
0&
00

#225000
1!
1,
b111 2
b100 4
b111 ;
b1000 ?
b1100 @
b100 F

#226000
0#
0.
08
0:
b111 ?
b100 @
b111 L

#227500
1&
10
b100 G

#230000
0!
0,

#231000
0&
00

#234500
1&
10
b100 6
b100 B
b100 H

#235000
1!
1,

#236000
1#
b10100000000000000000000000000111 $
1.
b10100000000000000000000000000111 /
18
1:
b1000 ?
b1100 @

#238000
0&
00

#240000
0!
0,

#241500
1&
10

#245000
1!
0&
1,
00
b1000 2
b1100 4
b1000 ;
b1001 ?
b1101 @
b1100 F

#246000
0#
0.
08
0:
b1000 ?
b1100 @
b1000 L

#248500
1&
10
b1100 G

#250000
0!
0,

#252000
0&
00

#255000
1!
1,

#255500
1&
10
b1100 6
b1100 B
b1100 H

#256000
1#
b10100000000000000000000000001000 $
1.
b10100000000000000000000000001000 /
18
1:
b1001 ?
b1101 @

#259000
0&
00

#260000
0!
0,

#262500
1&
10

#265000
1!
1,
b1001 2
b1101 4
b1001 ;
b1010 ?
b1111 @
b1101 F

#266000
0#
0&
0.
00
08
0:
b1001 ?
b1101 @
b1001 L

#269500
1&
10
b1101 G

#270000
0!
0,

#273000
0&
00

#275000
1!
1,

#276000
1#
b10100000000000000000000000001001 $
1.
b10100000000000000000000000001001 /
18
1:
b1010 ?
b1111 @

#276500
1&
10
b1101 6
b1101 B
b1101 H

#280000
0!
0&
0,
00

#283500
1&
10

#285000
1!
1,
b1010 2
b1111 4
b1010 ;
b1011 ?
b1110 @
b1111 F

#286000
0#
0.
08
0:
b1010 ?
b1111 @
b1010 L

#287000
0&
00

#290000
0!
0,

#290500
1&
10
b1111 G

#294000
0&
00

#295000
1!
1,

#296000
1#
b10100000000000000000000000001010 $
1.
b10100000000000000000000000001010 /
18
1:
b1011 ?
b1110 @

#297500
1&
10
b1111 6
b1111 B
b1111 H

#300000
0!
0,

#301000
0&
00

#304500
1&
10

#305000
1!
1,
b1011 2
b1110 4
b1011 ;
b1100 ?
b1010 @
b1110 F

#306000
0#
0.
08
0:
b1011 ?
b1110 @
b1011 L

#308000
0&
00

#310000
0!
0,

#311500
1&
10
b1110 G

#315000
1!
0&
1,
00

#316000
1#
b10100000000000000000000000001011 $
1.
b10100000000000000000000000001011 /
18
1:
b1100 ?
b1010 @

#318500
1&
10
b1110 6
b1110 B
b1110 H

#320000
0!
0,

#322000
0&
00

#325000
1!
1,
b1100 2
b1010 4
b1100 ;
b1101 ?
b1011 @
b1010 F

#325500
1&
10
b1010 G

#326000
0#
0.
08
0:
b1100 ?
b1010 @
b1100 L

#329000
0&
00

#330000
0!
0,

#332500
1&
10
b1010 6
b1010 B
b1010 H

#335000
1!
1,

#336000
1#
b10100000000000000000000000001100 $
0&
1.
b10100000000000000000000000001100 /
00
18
1:
b1101 ?
b1011 @

#339500
1&
10

#340000
0!
0,

#343000
0&
00

#345000
1!
1,
b1101 2
b1011 4
b1101 ;
b1110 ?
b1001 @
b1011 F

#346000
0#
0.
08
0:
b1101 ?
b1011 @
b1101 L

#346500
1&
10
b1011 G

#350000
0!
0&
0,
00

#353500
1&
10
b1011 6
b1011 B
b1011 H

#355000
1!
1,

#356000
1#
b10100000000000000000000000001101 $
1.
b10100000000000000000000000001101 /
18
1:
b1110 ?
b1001 @

#357000
0&
00

#360000
0!
0,

#360500
1&
10

#364000
0&
00

#365000
1!
1,
b1110 2
b1001 4
b1110 ;
b1111 ?
b1000 @
b1001 F

#366000
0#
0.
08
0:
b1110 ?
b1001 @
b1110 L

#367500
1&
10
b1001 G

#370000
0!
0,

#371000
0&
00

#374500
1&
10
b1001 6
b1001 B
b1001 H

#375000
1!
1,

#376000
1#
b10100000000000000000000000001110 $
1.
b10100000000000000000000000001110 /
18
1:
b1111 ?
b1000 @

#378000
0&
00

#380000
0!
0,

#381500
1&
10

#385000
1!
0&
1,
00
b1111 2
b1000 4
b1111 ;
b10000 ?
b11000 @
1A
b1000 F

#386000
0#
0.
08
0:
b1111 ?
b1000 @
0A
b1111 L

#388500
1&
10
b1000 G

#390000
0!
0,

#392000
0&
00

#395000
1!
1,

#395500
1&
10
b1000 6
b1000 B
b1000 H

#396000
1#
b10100000000000000000000000001111 $
1.
b10100000000000000000000000001111 /
18
1:
b10000 ?
b11000 @
1A

#399000
0&
00

#400000
0!
0,

#402500
1&
10

#405000
1!
1%
1,
b10000 2
b11000 4
08
0:
b10000 ;
b11000 F

#406000
0#
0&
0.
00
b10000 L

#409500
1&
10
b11000 G

#410000
0!
0,

#413000
0&
00

#415000
1!
1,

#416500
1&
10
b11000 6
b11000 B
b11000 H

#420000
0!
0&
0,
00

#423500
1&
10

#425000
1!
1,

#427000
0&
00

#430000
0!
0,

#430500
1&
10

#434000
0&
00

#435000
1!
1,

#437500
1&
10

#440000
0!
0,

#441000
0&
00

#444500
1&
10

#445000
1!
1,

#448000
0&
00

#450000
0!
0,

#451500
1&
10

#455000
1!
0&
1,
00

#456000
1#
b11011110101011011011111011101111 $
1.
b11011110101011011011111011101111 /

#458500
1&
10

#460000
0!
0,

#462000
0&
00

#465000
1!
1,

#465500
1&
10

#466000
0#
0.

#469000
0&
00

#470000
0!
0,

#472500
1&
10

#473500
1'
11
19
1<
b1 C
b1 D

#475000
1!
1,

#476000
0&
00

#479500
1&
b10100000000000000000000000000000 (
10
b1 3
b1 5
b1 =
b10 C
b11 D
b1 I

#480000
0!
0,

#480500
0'
01
09
0<
b1 C
b1 D

#483000
0&
00

#485000
1!
1,
b1 J

#486500
1&
10

#487500
b1 +
b1 M

#490000
0!
0&
0,
00

#493500
1&
10

#494500
1'
11
19
1<
b10 C
b11 D

#495000
1!
1,
b1 7
b1 >
0A
b1 K

#497000
0&
00

#500000
0!
0,

#500500
1&
b10100000000000000000000000000001 (
10
b10 3
b11 5
b10 =
b11 C
b10 D
b11 I

#501500
0'
01
09
0<
b10 C
b11 D

#504000
0&
00

#505000
1!
0%
1,
b11 J

#507500
1&
10

#508500
b10 +
b10 M

#510000
0!
0,

#511000
0&
00

#514500
1&
10

#515000
1!
1,
b11 7
b11 >
b11 K

#515500
1'
11
19
1<
b11 C
b10 D

#518000
0&
00

#520000
0!
0,

#521500
1&
b10100000000000000000000000000010 (
10
b11 3
b10 5
b11 =
b100 C
b110 D
b10 I

#522500
0'
01
09
0<
b11 C
b10 D

#525000
1!
0&
1,
00
b10 J

#528500
1&
10

#529500
b11 +
b11 M

#530000
0!
0,

#532000
0&
00

#535000
1!
1,
b10 7
b10 >
b10 K

#535500
1&
10

#536500
1'
11
19
1<
b100 C
b110 D

#539000
0&
00

#540000
0!
0,

#542500
1&
b10100000000000000000000000000011 (
10
b100 3
b110 5
b100 =
b101 C
b111 D
b110 I

#543500
0'
01
09
0<
b100 C
b110 D

#545000
1!
1,
b110 J

#546000
0&
00

#549500
1&
10

#550000
0!
0,

#550500
b100 +
b100 M

#553000
0&
00

#555000
1!
1,
b110 7
b110 >
b110 K

#556500
1&
10

#557500
1'
11
19
1<
b101 C
b111 D

#560000
0!
0&
0,
00

#563500
1&
b10100000000000000000000000000100 (
10
b101 3
b111 5
b101 =
b110 C
b101 D
b111 I

#564500
0'
01
09
0<
b101 C
b111 D

#565000
1!
1,
b111 J

#567000
0&
00

#570000
0!
0,

#570500
1&
10

#571500
b101 +
b101 M

#574000
0&
00

#575000
1!
1,
b111 7
b111 >
b111 K

#577500
1&
10

#578500
1'
11
19
1<
b110 C
b101 D

#580000
0!
0,

#581000
0&
00

#584500
1&
b10100000000000000000000000000101 (
10
b110 3
b101 5
b110 =
b111 C
b100 D
b101 I

#585000
1!
1,
b101 J

#585500
0'
01
09
0<
b110 C
b101 D

#588000
0&
00

#590000
0!
0,

#591500
1&
10

#592500
b110 +
b110 M

#595000
1!
0&
1,
00
b101 7
b101 >
b101 K

#598500
1&
10

#599500
1'
11
19
1<
b111 C
b100 D

#600000
0!
0,

#602000
0&
00

#605000
1!
1,

#605500
1&
b10100000000000000000000000000110 (
10
b111 3
b100 5
b111 =
b1000 C
b1100 D
b100 I

#606500
0'
01
09
0<
b111 C
b100 D

#609000
0&
00

#610000
0!
0,

#612500
1&
10

#613500
b111 +
b111 M

#615000
1!
1,
b100 J

#616000
0&
00

#619500
1&
10

#620000
0!
0,

#620500
1'
11
19
1<
b1000 C
b1100 D

#623000
0&
00

#625000
1!
1,
b100 7
b100 >
b100 K

#626500
1&
b10100000000000000000000000000111 (
10
b1000 3
b1100 5
b1000 =
b1001 C
b1101 D
b1100 I

#627500
0'
01
09
0<
b1000 C
b1100 D

#630000
0!
0&
0,
00

#633500
1&
10

#634500
b1000 +
b1000 M

#635000
1!
1,
b1100 J

#637000
0&
00

#640000
0!
0,

#640500
1&
10

#641500
1'
11
19
1<
b1001 C
b1101 D

#644000
0&
00

#645000
1!
1,
b1100 7
b1100 >
b1100 K

#647500
1&
b10100000000000000000000000001000 (
10
b1001 3
b1101 5
b1001 =
b1010 C
b1111 D
b1101 I

#648500
0'
01
09
0<
b1001 C
b1101 D

#650000
0!
0,

#651000
0&
00

#654500
1&
10

#655000
1!
1,
b1101 J

#655500
b1001 +
b1001 M

#658000
0&
00

#660000
0!
0,

#661500
1&
10

#662500
1'
11
19
1<
b1010 C
b1111 D

#665000
1!
0&
1,
00
b1101 7
b1101 >
b1101 K

#668500
1&
b10100000000000000000000000001001 (
10
b1010 3
b1111 5
b1010 =
b1011 C
b1110 D
b1111 I

#669500
0'
01
09
0<
b1010 C
b1111 D

#670000
0!
0,

#672000
0&
00

#675000
1!
1,
b1111 J

#675500
1&
10

#676500
b1010 +
b1010 M

#679000
0&
00

#680000
0!
0,

#682500
1&
10

#683500
1'
11
19
1<
b1011 C
b1110 D

#685000
1!
1,
b1111 7
b1111 >
b1111 K

#686000
0&
00

#689500
1&
b10100000000000000000000000001010 (
10
b1011 3
b1110 5
b1011 =
b1100 C
b1010 D
b1110 I

#690000
0!
0,

#690500
0'
01
09
0<
b1011 C
b1110 D

#693000
0&
00

#695000
1!
1,
b1110 J

#696500
1&
10

#697500
b1011 +
b1011 M

#700000
0!
0&
0,
00

#703500
1&
10

#704500
1'
11
19
1<
b1100 C
b1010 D

#705000
1!
1,
b1110 7
b1110 >
b1110 K

#707000
0&
00

#710000
0!
0,

#710500
1&
b10100000000000000000000000001011 (
10
b1100 3
b1010 5
b1100 =
b1101 C
b1011 D
b1010 I

#711500
0'
01
09
0<
b1100 C
b1010 D

#714000
0&
00

#715000
1!
1,
b1010 J

#717500
1&
10

#718500
b1100 +
b1100 M

#720000
0!
0,

#721000
0&
00

#724500
1&
10

#725000
1!
1,
b1010 7
b1010 >
b1010 K

#725500
1'
11
19
1<
b1101 C
b1011 D

#728000
0&
00

#730000
0!
0,

#731500
1&
b10100000000000000000000000001100 (
10
b1101 3
b1011 5
b1101 =
b1110 C
b1001 D
b1011 I

#732500
0'
01
09
0<
b1101 C
b1011 D

#735000
1!
0&
1,
00
b1011 J

#738500
1&
10

#739500
b1101 +
b1101 M

#740000
0!
0,

#742000
0&
00

#745000
1!
1,
b1011 7
b1011 >
b1011 K

#745500
1&
10

#746500
1'
11
19
1<
b1110 C
b1001 D

#749000
0&
00

#750000
0!
0,

#752500
1&
b10100000000000000000000000001101 (
10
b1110 3
b1001 5
b1110 =
b1111 C
b1000 D
b1001 I

#753500
0'
01
09
0<
b1110 C
b1001 D

#755000
1!
1,
b1001 J

#756000
0&
00

#759500
1&
10

#760000
0!
0,

#760500
b1110 +
b1110 M

#763000
0&
00

#765000
1!
1,
b1001 7
b1001 >
b1001 K

#766500
1&
10

#767500
1'
11
19
1<
b1111 C
b1000 D

#770000
0!
0&
0,
00

#773500
1&
b10100000000000000000000000001110 (
10
b1111 3
b1000 5
b1111 =
b10000 C
b11000 D
1E
b1000 I

#774500
0'
01
09
0<
b1111 C
b1000 D
0E

#775000
1!
1,
b1000 J

#777000
0&
00

#780000
0!
0,

#780500
1&
10

#781500
b1111 +
b1111 M

#784000
0&
00

#785000
1!
1,
b1000 7
b1000 >
b1000 K

#787500
1&
10

#788500
1'
11
19
1<
b10000 C
b11000 D
1E

#790000
0!
0,

#791000
0&
00

#794500
1&
b10100000000000000000000000001111 (
1)
10
b10000 3
b11000 5
09
0<
b10000 =
b11000 I

#795000
1!
1,
b11000 J

#795500
0'
01

#798000
0&
00

#800000
0!
0,

#801500
1&
10

#802500
b10000 M

#805000
1!
0&
1,
00
b11000 7
b11000 >
b11000 K

#808500
1&
10

#810000
0!
0,

#812000
0&
00

#815000
1!
1,

#815500
1&
10

#819000
0&
00

#820000
0!
0,

#822500
1&
10

#825000
1!
1,

#826000
0&
00

#829500
1&
10

#830000
0!
0,

#833000
0&
00

#835000
1!
1,

#836500
1&
10

#837500
1'
11

#840000
0!
0&
0,
00

#843500
1&
10

#844500
0'
01

#845000
1!
1,

#847000
0&
00

#850000
0!
0,

#850500
1&
10

#854000
0&
00

#855000
1!
1,

#857500
1&
10

#860000
0!
0,

#861000
0&
00

#864500
1&
10

#865000
1!
1,

#866000
1#
b10110000000000000000000000000000 $
1.
b10110000000000000000000000000000 /
18
1:
b10001 ?
b11001 @

#868000
0&
00

#870000
0!
0,

#871500
1&
10

#875000
1!
0&
1,
00
b10001 2
b11001 4
b10001 ;
b10010 ?
b11011 @
b11001 F

#876000
0#
0.
08
0:
b10001 ?
b11001 @
b1 N

#878500
1&
10
b11001 G

#880000
0!
0,

#882000
0&
00

#885000
1!
1,

#885500
1&
10
b11001 6
b11001 B
0E
b11001 H

#886000
1#
b10110000000000000000000000000001 $
1.
b10110000000000000000000000000001 /
18
1:
b10010 ?
b11011 @

#889000
0&
00

#890000
0!
0,

#892500
1&
0)
10

#895000
1!
1,
b10010 2
b11011 4
b10010 ;
b10011 ?
b11010 @
b11011 F

#896000
0#
0&
0.
00
08
0:
b10010 ?
b11011 @
b10 N

#899500
1&
10
b11011 G

#900000
0!
0,

#903000
0&
00

#905000
1!
1,

#906000
1#
b10110000000000000000000000000010 $
1.
b10110000000000000000000000000010 /
18
1:
b10011 ?
b11010 @

#906500
1&
10
b11011 6
b11011 B
b11011 H

#910000
0!
0&
0,
00

#913500
1&
10

#915000
1!
1,
b10011 2
b11010 4
b10011 ;
b10100 ?
b11110 @
b11010 F

#916000
0#
0.
08
0:
b10011 ?
b11010 @
b11 N

#917000
0&
00

#920000
0!
0,

#920500
1&
10
b11010 G

#924000
0&
00

#925000
1!
1,

#926000
1#
b10110000000000000000000000000011 $
1.
b10110000000000000000000000000011 /
18
1:
b10100 ?
b11110 @

#927500
1&
10
b11010 6
b11010 B
b11010 H

#930000
0!
0,

#931000
0&
00

#934500
1&
10

#935000
1!
1,
b10100 2
b11110 4
b10100 ;
b10101 ?
b11111 @
b11110 F

#936000
0#
0.
08
0:
b10100 ?
b11110 @
b100 N

#938000
0&
00

#940000
0!
0,

#941500
1&
10
b11110 G

#945000
1!
0&
1,
00

#946000
1#
b10110000000000000000000000000100 $
1.
b10110000000000000000000000000100 /
18
1:
b10101 ?
b11111 @

#948500
1&
10
b11110 6
b11110 B
b11110 H

#950000
0!
0,

#952000
0&
00

#955000
1!
1,
b10101 2
b11111 4
b10101 ;
b10110 ?
b11101 @
b11111 F

#955500
1&
10
b11111 G

#956000
0#
0.
08
0:
b10101 ?
b11111 @
b101 N

#959000
0&
00

#960000
0!
0,

#962500
1&
10
b11111 6
b11111 B
b11111 H

#965000
1!
1,

#966000
1#
b10110000000000000000000000000101 $
0&
1.
b10110000000000000000000000000101 /
00
18
1:
b10110 ?
b11101 @

#969500
1&
10

#970000
0!
0,

#973000
0&
00

#975000
1!
1,
b10110 2
b11101 4
b10110 ;
b10111 ?
b11100 @
b11101 F

#976000
0#
0.
08
0:
b10110 ?
b11101 @
b110 N

#976500
1&
10
b11101 G

#980000
0!
0&
0,
00

#983500
1&
10
b11101 6
b11101 B
b11101 H

#985000
1!
1,

#986000
1#
b10110000000000000000000000000110 $
1.
b10110000000000000000000000000110 /
18
1:
b10111 ?
b11100 @

#987000
0&
00

#990000
0!
0,

#990500
1&
10

#994000
0&
00

#995000
1!
1,
b10111 2
b11100 4
b10111 ;
b11000 ?
b10100 @
b11100 F

#996000
0#
0.
08
0:
b10111 ?
b11100 @
b111 N

#997500
1&
10
b11100 G

#1000000
0!
0,

#1001000
0&
00

#1004500
1&
10
b11100 6
b11100 B
b11100 H

#1005000
1!
1,

#1006000
1#
b10110000000000000000000000000111 $
1.
b10110000000000000000000000000111 /
18
1:
b11000 ?
b10100 @

#1008000
0&
00

#1010000
0!
0,

#1011500
1&
10

#1015000
1!
0&
1,
00
b11000 2
b10100 4
b11000 ;
b11001 ?
b10101 @
b10100 F

#1016000
0#
0.
08
0:
b11000 ?
b10100 @
b1000 N

#1018500
1&
10
b10100 G

#1020000
0!
0,

#1022000
0&
00

#1025000
1!
1,

#1025500
1&
10
b10100 6
b10100 B
b10100 H

#1029000
0&
00

#1030000
0!
0,

#1032500
1&
10

#1035000
1!
1,

#1036000
0&
00

#1039500
1&
10

#1040000
0!
0,

#1043000
0&
00

#1045000
1!
1,

#1046500
1&
10

#1050000
0!
0&
0,
00

#1053500
1&
10

#1055000
1!
1,

#1057000
0&
00

#1060000
0!
0,

#1060500
1&
10

#1064000
0&
00

#1065000
1!
1,

#1067500
1&
10

#1070000
0!
0,

#1071000
0&
00

#1074500
1&
10

#1075000
1!
1,

#1078000
0&
00

#1080000
0!
0,

#1081500
1&
10

#1082500
1'
11
19
1<
b10001 C
b11001 D

#1085000
1!
0&
1,
00

#1086000
1#
b11000000000000000000000000000000 $
1.
b11000000000000000000000000000000 /
18
1:
b11001 ?
b10101 @

#1088500
1&
b10110000000000000000000000000000 (
10
b10001 3
b11001 5
b10001 =
b10010 C
b11011 D
b11001 I

#1089500
0'
01
09
0<
b10001 C
b11001 D

#1090000
0!
0,

#1092000
0&
00

#1095000
1!
1,
b11001 2
b10101 4
b11001 ;
b11010 ?
b10111 @
b10101 F
b11001 J

#1095500
1&
10
b10101 G

#1096000
0#
0.
08
0:
b11001 ?
b10101 @
b1 O

#1096500
b10000 +
b1 P

#1099000
0&
00

#1100000
0!
0,

#1102500
1&
10
b10101 6
b10101 B
b10101 H

#1103500
1'
11
19
1<
b10010 C
b11011 D

#1105000
1!
1,
b11001 7
b11001 >
b11001 K

#1106000
1#
b11000000000000000000000000000001 $
0&
1.
b11000000000000000000000000000001 /
00
18
1:
b11010 ?
b10111 @

#1109500
1&
b10110000000000000000000000000001 (
10
b10010 3
b11011 5
b10010 =
b10011 C
b11010 D
b11011 I

#1110000
0!
0,

#1110500
0'
01
09
0<
b10010 C
b11011 D

#1113000
0&
00

#1115000
1!
1,
b11010 2
b10111 4
b11010 ;
b11011 ?
b10110 @
b10111 F
b11011 J

#1116000
0#
0.
08
0:
b11010 ?
b10111 @
b10 O

#1116500
1&
10
b10111 G

#1117500
b10001 +
b10 P

#1120000
0!
0&
0,
00

#1123500
1&
10
b10111 6
b10111 B
b10111 H

#1124500
1'
11
19
1<
b10011 C
b11010 D

#1125000
1!
1,
b11011 7
b11011 >
b11011 K

#1126000
1#
b11000000000000000000000000000010 $
1.
b11000000000000000000000000000010 /
18
1:
b11011 ?
b10110 @

#1127000
0&
00

#1130000
0!
0,

#1130500
1&
b10110000000000000000000000000010 (
10
b10011 3
b11010 5
b10011 =
b10100 C
b11110 D
b11010 I

#1131500
0'
01
09
0<
b10011 C
b11010 D

#1134000
0&
00

#1135000
1!
1,
b11011 2
b10110 4
b11011 ;
b11100 ?
b10010 @
b10110 F
b11010 J

#1136000
0#
0.
08
0:
b11011 ?
b10110 @
b11 O

#1137500
1&
10
b10110 G

#1138500
b10010 +
b11 P

#1140000
0!
0,

#1141000
0&
00

#1144500
1&
10
b10110 6
b10110 B
b10110 H

#1145000
1!
1,
b11010 7
b11010 >
b11010 K

#1145500
1'
11
19
1<
b10100 C
b11110 D

#1146000
1#
b11000000000000000000000000000011 $
1.
b11000000000000000000000000000011 /
18
1:
b11100 ?
b10010 @

#1148000
0&
00

#1150000
0!
0,

#1151500
1&
b10110000000000000000000000000011 (
10
b10100 3
b11110 5
b10100 =
b10101 C
b11111 D
b11110 I

#1152500
0'
01
09
0<
b10100 C
b11110 D

#1155000
1!
0&
1,
00
b11100 2
b10010 4
b11100 ;
b11101 ?
b10011 @
b10010 F
b11110 J

#1156000
0#
0.
08
0:
b11100 ?
b10010 @
b100 O

#1158500
1&
10
b10010 G

#1159500
b10011 +
b100 P

#1160000
0!
0,

#1162000
0&
00

#1165000
1!
1,
b11110 7
b11110 >
b11110 K

#1165500
1&
10
b10010 6
b10010 B
b10010 H

#1166000
1#
b11000000000000000000000000000100 $
1.
b11000000000000000000000000000100 /
18
1:
b11101 ?
b10011 @

#1166500
1'
11
19
1<
b10101 C
b11111 D

#1169000
0&
00

#1170000
0!
0,

#1172500
1&
b10110000000000000000000000000100 (
10
b10101 3
b11111 5
b10101 =
b10110 C
b11101 D
b11111 I

#1173500
0'
01
09
0<
b10101 C
b11111 D

#1175000
1!
1,
b11101 2
b10011 4
b11101 ;
b11110 ?
b10001 @
b10011 F
b11111 J

#1176000
0#
0&
0.
00
08
0:
b11101 ?
b10011 @
b101 O

#1179500
1&
10
b10011 G

#1180000
0!
0,

#1180500
b10100 +
b101 P

#1183000
0&
00

#1185000
1!
1,
b11111 7
b11111 >
b11111 K

#1186000
1#
b11000000000000000000000000000101 $
1.
b11000000000000000000000000000101 /
18
1:
b11110 ?
b10001 @

#1186500
1&
10
b10011 6
b10011 B
b10011 H

#1187500
1'
11
19
1<
b10110 C
b11101 D

#1190000
0!
0&
0,
00

#1193500
1&
b10110000000000000000000000000101 (
10
b10110 3
b11101 5
b10110 =
b10111 C
b11100 D
b11101 I

#1194500
0'
01
09
0<
b10110 C
b11101 D

#1195000
1!
1,
b11110 2
b10001 4
b11110 ;
b11111 ?
b10000 @
b10001 F
b11101 J

#1196000
0#
0.
08
0:
b11110 ?
b10001 @
b110 O

#1197000
0&
00

#1200000
0!
0,

#1200500
1&
10
b10001 G

#1201500
b10101 +
b110 P

#1204000
0&
00

#1205000
1!
1,
b11101 7
b11101 >
b11101 K

#1206000
1#
b11000000000000000000000000000110 $
1.
b11000000000000000000000000000110 /
18
1:
b11111 ?
b10000 @

#1207500
1&
10
b10001 6
b10001 B
b10001 H

#1208500
1'
11
19
1<
b10111 C
b11100 D

#1210000
0!
0,

#1211000
0&
00

#1214500
1&
b10110000000000000000000000000110 (
10
b10111 3
b11100 5
b10111 =
b11000 C
b10100 D
b11100 I

#1215000
1!
1,
b11111 2
b10000 4
b11111 ;
b0 ?
b0 @
b10000 F
b11100 J

#1215500
0'
01
09
0<
b10111 C
b11100 D

#1216000
0#
0.
08
0:
b11111 ?
b10000 @
b111 O

#1218000
0&
00

#1220000
0!
0,

#1221500
1&
10
b10000 G

#1222500
b10110 +
b111 P

#1225000
1!
0&
1,
00
b11100 7
b11100 >
b11100 K

#1226000
1#
b11000000000000000000000000000111 $
1.
b11000000000000000000000000000111 /
18
1:
b0 ?
b0 @

#1228500
1&
10
b10000 6
b10000 B
b10000 H

#1229500
1'
11
19
1<
b11000 C
b10100 D

#1230000
0!
0,

#1232000
0&
00

#1235000
1!
1,
b0 2
b0 4
b0 ;
b1 ?
b1 @
b0 F

#1235500
1&
b10110000000000000000000000000111 (
10
b11000 3
b10100 5
b11000 =
b11001 C
b10101 D
b0 G
b10100 I

#1236000
0#
0.
08
0:
b0 ?
b0 @
b1000 O

#1236500
0'
01
09
0<
b11000 C
b10100 D

#1239000
0&
00

#1240000
0!
0,

#1242500
1&
10
b0 6
b0 B
b0 H

#1243500
b10111 +
b1000 P

#1245000
1!
1,
b10100 J

#1246000
1#
b11000000000000000000000000001000 $
0&
1.
b11000000000000000000000000001000 /
00
18
1:
b1 ?
b1 @

#1249500
1&
10

#1250000
0!
0,

#1253000
0&
00

#1255000
1!
1,
b1 2
b1 4
b10100 7
b1 ;
b10100 >
b10 ?
b11 @
b1 F
b10100 K

#1256000
0#
0.
08
0:
b1 ?
b1 @
b1001 O

#1256500
1&
10
b1 G

#1260000
0!
0&
0,
00

#1263500
1&
10
b1 6
b1 B
b1 H

#1265000
1!
1,

#1266000
1#
b11000000000000000000000000001001 $
1.
b11000000000000000000000000001001 /
18
1:
b10 ?
b11 @

#1267000
0&
00

#1270000
0!
0,

#1270500
1&
10

#1274000
0&
00

#1275000
1!
1,
b10 2
b11 4
b10 ;
b11 ?
b10 @
b11 F

#1276000
0#
0.
08
0:
b10 ?
b11 @
b1010 O

#1277500
1&
10
b11 G

#1280000
0!
0,

#1281000
0&
00

#1284500
1&
10
b11 6
b11 B
b11 H

#1285000
1!
1,

#1286000
1#
b11000000000000000000000000001010 $
1.
b11000000000000000000000000001010 /
18
1:
b11 ?
b10 @

#1288000
0&
00

#1290000
0!
0,

#1291500
1&
10

#1295000
1!
0&
1,
00
b11 2
b10 4
b11 ;
b100 ?
b110 @
b10 F

#1296000
0#
0.
08
0:
b11 ?
b10 @
b1011 O

#1298500
1&
10
b10 G

#1300000
0!
0,

#1302000
0&
00

#1305000
1!
1,

#1305500
1&
10
b10 6
b10 B
b10 H

#1306000
1#
b11000000000000000000000000001011 $
1.
b11000000000000000000000000001011 /
18
1:
b100 ?
b110 @

#1309000
0&
00

#1310000
0!
0,

#1312500
1&
10

#1315000
1!
1,
b100 2
b110 4
b100 ;
b101 ?
b111 @
b110 F

#1316000
0#
0&
0.
00
08
0:
b100 ?
b110 @
b1100 O

#1319500
1&
10
b110 G

#1320000
0!
0,

#1323000
0&
00

#1325000
1!
1,

#1326000
1#
b11000000000000000000000000001100 $
1.
b11000000000000000000000000001100 /
18
1:
b101 ?
b111 @

#1326500
1&
10
b110 6
b110 B
b110 H

#1330000
0!
0&
0,
00

#1333500
1&
10

#1335000
1!
1,
b101 2
b111 4
b101 ;
b110 ?
b101 @
b111 F

#1336000
0#
0.
08
0:
b101 ?
b111 @
b1101 O

#1337000
0&
00

#1340000
0!
0,

#1340500
1&
10
b111 G

#1344000
0&
00

#1345000
1!
1,

#1346000
1#
b11000000000000000000000000001101 $
1.
b11000000000000000000000000001101 /
18
1:
b110 ?
b101 @

#1347500
1&
10
b111 6
b111 B
b111 H

#1350000
0!
0,

#1351000
0&
00

#1354500
1&
10

#1355000
1!
1,
b110 2
b101 4
b110 ;
b111 ?
b100 @
b101 F

#1356000
0#
0.
08
0:
b110 ?
b101 @
b1110 O

#1358000
0&
00

#1360000
0!
0,

#1361500
1&
10
b101 G

#1365000
1!
0&
1,
00

#1366000
1#
b11000000000000000000000000001110 $
1.
b11000000000000000000000000001110 /
18
1:
b111 ?
b100 @

#1368500
1&
10
b101 6
b101 B
b101 H

#1370000
0!
0,

#1372000
0&
00

#1375000
1!
1,
b111 2
b100 4
b111 ;
b1000 ?
b1100 @
1A
b100 F

#1375500
1&
10
b100 G

#1376000
0#
0.
08
0:
b111 ?
b100 @
0A
b1111 O

#1379000
0&
00

#1380000
0!
0,

#1382500
1&
10
b100 6
b100 B
b100 H

#1385000
1!
1,

#1386000
1#
b11000000000000000000000000001111 $
0&
1.
b11000000000000000000000000001111 /
00
18
1:
b1000 ?
b1100 @
1A

#1389500
1&
10

#1390000
0!
0,

#1393000
0&
00

#1395000
1!
1%
1,
b1000 2
b1100 4
08
0:
b1000 ;
b1100 F

#1396000
0#
0.
b10000 O

#1396500
1&
10
b1100 G

#1400000
0!
0&
0,
00

#1403500
1&
10
b1100 6
b1100 B
b1100 H

#1405000
1!
1,

#1407000
0&
00

#1410000
0!
0,

#1410500
1&
10

#1414000
0&
00

#1415000
1!
1,

#1417500
1&
10

#1420000
0!
0,

#1421000
0&
00

#1424500
1&
10

#1425000
1!
1,

#1428000
0&
00

#1430000
0!
0,

#1431500
1&
10

#1435000
1!
0&
1,
00

#1438500
1&
10

#1440000
0!
0,

#1442000
0&
00

#1445000
1!
1,

#1445500
1&
10

#1449000
0&
00

#1450000
0!
0,

#1452500
1&
10

#1455000
1!
1,

#1456000
0&
00

#1459500
1&
10

#1460000
0!
0,

#1463000
0&
00

#1465000
1!
1,

#1466500
1&
10

#1470000
0!
0&
0,
00

#1473500
1&
10

#1475000
1!
1,

#1477000
0&
00

#1480000
0!
0,

#1480500
1&
10

#1484000
0&
00

#1485000
1!
1,

#1487500
1&
10

#1490000
0!
0,

#1491000
0&
00

#1494500
1&
10

#1495000
1!
1,

#1498000
0&
00

#1500000
0!
0,

#1501500
1&
10

#1502500
1'
11
19
1<
b11001 C
b10101 D

#1505000
1!
0&
1,
00

#1508500
1&
b11000000000000000000000000000000 (
10
b11001 3
b10101 5
b11001 =
b11010 C
b10111 D
b10101 I

#1509500
0'
01
09
0<
b11001 C
b10101 D

#1510000
0!
0,

#1512000
0&
00

#1515000
1!
1,
b10101 J

#1515500
1&
10

#1516500
b11000 +

#1519000
0&
00

#1520000
0!
0,

#1522500
1&
10

#1523500
1'
11
19
1<
b11010 C
b10111 D

#1525000
1!
1,
b10101 7
b10101 >
0A
b10101 K

#1526000
0&
00

#1529500
1&
b11000000000000000000000000000001 (
10
b11010 3
b10111 5
b11010 =
b11011 C
b10110 D
b10111 I

#1530000
0!
0,

#1530500
0'
01
09
0<
b11010 C
b10111 D

#1533000
0&
00

#1535000
1!
0%
1,
b10111 J

#1536500
1&
10

#1537500
b11001 +

#1540000
0!
0&
0,
00

#1543500
1&
10

#1544500
1'
11
19
1<
b11011 C
b10110 D

#1545000
1!
1,
b10111 7
b10111 >
b10111 K

#1547000
0&
00

#1550000
0!
0,

#1550500
1&
b11000000000000000000000000000010 (
10
b11011 3
b10110 5
b11011 =
b11100 C
b10010 D
b10110 I

#1551500
0'
01
09
0<
b11011 C
b10110 D

#1554000
0&
00

#1555000
1!
1,
b10110 J

#1557500
1&
10

#1558500
b11010 +

#1560000
0!
0,

#1561000
0&
00

#1564500
1&
10

#1565000
1!
1,
b10110 7
b10110 >
b10110 K

#1565500
1'
11
19
1<
b11100 C
b10010 D

#1568000
0&
00

#1570000
0!
0,

#1571500
1&
b11000000000000000000000000000011 (
10
b11100 3
b10010 5
b11100 =
b11101 C
b10011 D
b10010 I

#1572500
0'
01
09
0<
b11100 C
b10010 D

#1575000
1!
0&
1,
00
b10010 J

#1578500
1&
10

#1579500
b11011 +

#1580000
0!
0,

#1582000
0&
00

#1585000
1!
1,
b10010 7
b10010 >
b10010 K

#1585500
1&
10

#1586500
1'
11
19
1<
b11101 C
b10011 D

#1589000
0&
00

#1590000
0!
0,

#1592500
1&
b11000000000000000000000000000100 (
10
b11101 3
b10011 5
b11101 =
b11110 C
b10001 D
b10011 I

#1593500
0'
01
09
0<
b11101 C
b10011 D

#1595000
1!
1,
b10011 J

#1596000
0&
00

#1599500
1&
10

#1600000
0!
0,

#1600500
b11100 +

#1603000
0&
00

#1605000
1!
1,
b10011 7
b10011 >
b10011 K

#1606500
1&
10

#1607500
1'
11
19
1<
b11110 C
b10001 D

#1610000
0!
0&
0,
00

#1613500
1&
b11000000000000000000000000000101 (
10
b11110 3
b10001 5
b11110 =
b11111 C
b10000 D
b10001 I

#1614500
0'
01
09
0<
b11110 C
b10001 D

#1615000
1!
1,
b10001 J

#1617000
0&
00

#1620000
0!
0,

#1620500
1&
10

#1621500
b11101 +

#1624000
0&
00

#1625000
1!
1,
b10001 7
b10001 >
b10001 K

#1627500
1&
10

#1628500
1'
11
19
1<
b11111 C
b10000 D

#1630000
0!
0,

#1631000
0&
00

#1634500
1&
b11000000000000000000000000000110 (
10
b11111 3
b10000 5
b11111 =
b0 C
b0 D
b10000 I

#1635000
1!
1,
b10000 J

#1635500
0'
01
09
0<
b11111 C
b10000 D

#1638000
0&
00

#1640000
0!
0,

#1641500
1&
10

#1642500
b11110 +

#1645000
1!
0&
1,
00
b10000 7
b10000 >
b10000 K

#1648500
1&
10

#1649500
1'
11
19
1<
b0 C
b0 D

#1650000
0!
0,

#1652000
0&
00

#1655000
1!
1,

#1655500
1&
b11000000000000000000000000000111 (
10
b0 3
b0 5
b0 =
b1 C
b1 D
b0 I

#1656500
0'
01
09
0<
b0 C
b0 D

#1659000
0&
00

#1660000
0!
0,

#1662500
1&
10

#1663500
b11111 +

#1665000
1!
1,
b0 J

#1666000
0&
00

#1669500
1&
10

#1670000
0!
0,

#1670500
1'
11
19
1<
b1 C
b1 D

#1673000
0&
00

#1675000
1!
1,
b0 7
b0 >
b0 K

#1676500
1&
b11000000000000000000000000001000 (
10
b1 3
b1 5
b1 =
b10 C
b11 D
b1 I

#1677500
0'
01
09
0<
b1 C
b1 D

#1680000
0!
0&
0,
00

#1683500
1&
10

#1684500
b100000 +

#1685000
1!
1,
b1 J

#1687000
0&
00

#1690000
0!
0,

#1690500
1&
10

#1691500
1'
11
19
1<
b10 C
b11 D

#1694000
0&
00

#1695000
1!
1,
b1 7
b1 >
b1 K

#1697500
1&
b11000000000000000000000000001001 (
10
b10 3
b11 5
b10 =
b11 C
b10 D
b11 I

#1698500
0'
01
09
0<
b10 C
b11 D

#1700000
0!
0,

#1701000
0&
00

#1704500
1&
10

#1705000
1!
1,
b11 J

#1705500
b100001 +

#1708000
0&
00

#1710000
0!
0,

#1711500
1&
10

#1712500
1'
11
19
1<
b11 C
b10 D

#1715000
1!
0&
1,
00
b11 7
b11 >
b11 K

#1718500
1&
b11000000000000000000000000001010 (
10
b11 3
b10 5
b11 =
b100 C
b110 D
b10 I

#1719500
0'
01
09
0<
b11 C
b10 D

#1720000
0!
0,

#1722000
0&
00

#1725000
1!
1,
b10 J

#1725500
1&
10

#1726500
b100010 +

#1729000
0&
00

#1730000
0!
0,

#1732500
1&
10

#1733500
1'
11
19
1<
b100 C
b110 D

#1735000
1!
1,
b10 7
b10 >
b10 K

#1736000
0&
00

#1739500
1&
b11000000000000000000000000001011 (
10
b100 3
b110 5
b100 =
b101 C
b111 D
b110 I

#1740000
0!
0,

#1740500
0'
01
09
0<
b100 C
b110 D

#1743000
0&
00

#1745000
1!
1,
b110 J

#1746500
1&
10

#1747500
b100011 +

#1750000
0!
0&
0,
00

#1753500
1&
10

#1754500
1'
11
19
1<
b101 C
b111 D

#1755000
1!
1,
b110 7
b110 >
b110 K

#1757000
0&
00

#1760000
0!
0,

#1760500
1&
b11000000000000000000000000001100 (
10
b101 3
b111 5
b101 =
b110 C
b101 D
b111 I

#1761500
0'
01
09
0<
b101 C
b111 D

#1764000
0&
00

#1765000
1!
1,
b111 J

#1767500
1&
10

#1768500
b100100 +

#1770000
0!
0,

#1771000
0&
00

#1774500
1&
10

#1775000
1!
1,
b111 7
b111 >
b111 K

#1775500
1'
11
19
1<
b110 C
b101 D

#1778000
0&
00

#1780000
0!
0,

#1781500
1&
b11000000000000000000000000001101 (
10
b110 3
b101 5
b110 =
b111 C
b100 D
b101 I

#1782500
0'
01
09
0<
b110 C
b101 D

#1785000
1!
0&
1,
00
b101 J

#1788500
1&
10

#1789500
b100101 +

#1790000
0!
0,

#1792000
0&
00

#1795000
1!
1,
b101 7
b101 >
b101 K

#1795500
1&
10

#1796500
1'
11
19
1<
b111 C
b100 D

#1799000
0&
00

#1800000
0!
0,

#1802500
1&
b11000000000000000000000000001110 (
10
b111 3
b100 5
b111 =
b1000 C
b1100 D
1E
b100 I

#1803500
0'
01
09
0<
b111 C
b100 D
0E

#1805000
1!
1,
b100 J

#1806000
0&
00

#1809500
1&
10

#1810000
0!
0,

#1810500
b100110 +

#1813000
0&
00

#1815000
1!
1,
b100 7
b100 >
b100 K

#1816500
1&
10

#1817500
1'
11
19
1<
b1000 C
b1100 D
1E

#1820000
0!
0&
0,
00

#1823500
1&
b11000000000000000000000000001111 (
1)
10
b1000 3
b1100 5
09
0<
b1000 =
b1100 I

#1824500
0'
01

#1825000
1!
1,
b1100 J

#1827000
0&
00

#1830000
0!
0,

#1830500
1&
10

#1831500
b100111 +

#1834000
0&
00

#1835000
1!
1,
b1100 7
b1100 >
b1100 K

#1837500
1&
10

#1840000
0!
0,

#1841000
0&
00

#1844500
1&
10

#1845000
1!
1,

#1848000
0&
00

#1850000
0!
0,

#1851500
1&
10

#1855000
1!
0&
1,
00

#1856000
1#
b110100001010100110000000110010 $
1.
b110100001010100110000000110010 /
18
1:
b1001 ?
b1101 @

#1858500
1&
10

#1860000
0!
0,

#1862000
0&
00

#1865000
1!
1,
b1001 2
b1101 4
b1001 ;
b1010 ?
b1111 @
b1101 F

#1865500
1&
10
b1101 G

#1866000
0#
0.
08
0:
b1001 ?
b1101 @

#1869000
0&
00

#1870000
0!
0,

#1872500
1&
10
b1101 6
b1101 B
0E
b1101 H

#1875000
1!
1,

#1876000
0&
00

#1879500
1&
0)
10

#1880000
0!
0,

#1883000
0&
00

#1885000
1!
1,

#1886500
1&
10

#1887500
1'
11
19
1<
b1001 C
b1101 D
1E

#1890000
0!
0&
0,
00

#1893500
1&
b110100001010100110000000110010 (
1)
10
b1001 3
b1101 5
09
0<
b1001 =
b1101 I

#1894500
0'
01

#1895000
1!
1,
b1101 J

#1897000
0&
00

#1900000
0!
0,

#1900500
1&
10

#1901500
b101000 +

#1904000
0&
00

#1905000
1!
1,
b1101 7
b1101 >
b1101 K

#1906000
1#
b11110011010010100001000001100 $
1.
b11110011010010100001000001100 /
18
1:
b1010 ?
b1111 @

#1907500
1&
10

#1910000
0!
0,

#1911000
0&
00

#1914500
1&
10

#1915000
1!
1,
b1010 2
b1111 4
b1010 ;
b1011 ?
b1110 @
b1111 F

#1916000
0#
0.
08
0:
b1010 ?
b1111 @

#1918000
0&
00

#1920000
0!
0,

#1921500
1&
10
b1111 G

#1925000
1!
0&
1,
00

#1926000
1#
b10010010001010111011100100111111 $
1.
b10010010001010111011100100111111 /
18
1:
b1011 ?
b1110 @

#1928500
1&
10
b1111 6
b1111 B
0E
b1111 H

#1930000
0!
0,

#1932000
0&
00

#1935000
1!
1,
b1011 2
b1110 4
b1011 ;
b1100 ?
b1010 @
b1110 F

#1935500
1&
0)
10
b1110 G

#1936000
0#
0.
08
0:
b1011 ?
b1110 @

#1939000
0&
00

#1940000
0!
0,

#1942500
1&
10
b1110 6
b1110 B
b1110 H

#1945000
1!
1,

#1946000
0&
00

#1949500
1&
10

#1950000
0!
0,

#1950500
1'
11
19
1<
b1010 C
b1111 D

#1953000
0&
00

#1955000
1!
1,

#1956500
1&
b11110011010010100001000001100 (
10
b1010 3
b1111 5
b1010 =
b1011 C
b1110 D
1E
b1111 I

#1957500
0'
01
09
0<
b1010 C
b1111 D
0E

#1960000
0!
0&
0,
00

#1963500
1&
10

#1964500
b101001 +

#1965000
1!
1,
b1111 J

#1967000
0&
00

#1970000
0!
0,

#1970500
1&
10

#1974000
0&
00

#1975000
1!
1,
b1111 7
b1111 >
b1111 K

#1976000
1#
b1100001100100110100000001010111 $
1.
b1100001100100110100000001010111 /
18
1:
b1100 ?
b1010 @

#1977500
1&
10

#1980000
0!
0,

#1981000
0&
00

#1984500
1&
10

#1985000
1!
1,
b1100 2
b1010 4
b1100 ;
b1101 ?
b1011 @
b1010 F

#1986000
0#
0.
08
0:
b1100 ?
b1010 @

#1988000
0&
00

#1990000
0!
0,

#1991500
1&
10
b1010 G

#1995000
1!
0&
1,
00

#1996000
1#
b10111001110101100000110000101111 $
1.
b10111001110101100000110000101111 /
18
1:
b1101 ?
b1011 @

#1998500
1&
10
b1010 6
b1010 B
b1010 H

#2000000
0!
0,

#2002000
0&
00

#2005000
1!
1,
b1101 2
b1011 4
b1101 ;
b1110 ?
b1001 @
b1011 F

#2005500
1&
10
b1011 G

#2006000
0#
0.
08
0:
b1101 ?
b1011 @

#2009000
0&
00

#2010000
0!
0,

#2012500
1&
10
b1011 6
b1011 B
b1011 H

#2015000
1!
1,

#2016000
1#
b1010011110000000111110100100100 $
0&
1.
b1010011110000000111110100100100 /
00
18
1:
b1110 ?
b1001 @

#2019500
1&
10

#2020000
0!
0,

#2023000
0&
00

#2025000
1!
1,
b1110 2
b1001 4
b1110 ;
b1111 ?
b1000 @
b1001 F

#2026000
0#
0.
08
0:
b1110 ?
b1001 @

#2026500
1&
10
b1001 G

#2027500
1'
11
19
1<
b1011 C
b1110 D

#2030000
0!
0&
0,
00

#2033500
1&
b10010010001010111011100100111111 (
10
b1011 3
b1110 5
b1001 6
b1011 =
b1001 B
b1100 C
b1010 D
b1001 H
b1110 I

#2034500
0'
01
09
0<
b1011 C
b1110 D

#2035000
1!
1,
b1110 J

#2037000
0&
00

#2040000
0!
0,

#2040500
1&
10

#2041500
b101010 +

#2044000
0&
00

#2045000
1!
1,
b1110 7
b1110 >
b1110 K

#2046000
1#
b10101000011011001110111000011000 $
1.
b10101000011011001110111000011000 /
18
1:
b1111 ?
b1000 @

#2047500
1&
10

#2050000
0!
0,

#2051000
0&
00

#2054500
1&
10

#2055000
1!
1,
b1111 2
b1000 4
b1111 ;
b10000 ?
b11000 @
b1000 F

#2056000
0#
0.
08
0:
b1111 ?
b1000 @

#2058000
0&
00

#2060000
0!
0,

#2061500
1&
10
b1000 G

#2065000
1!
0&
1,
00

#2066000
1#
b1110010001010101010000101101110 $
1.
b1110010001010101010000101101110 /
18
1:
b10000 ?
b11000 @

#2068500
1&
10
b1000 6
b1000 B
b1000 H

#2070000
0!
0,

#2072000
0&
00

#2075000
1!
1,
b10000 2
b11000 4
b10000 ;
b10001 ?
b11001 @
b11000 F

#2075500
1&
10
b11000 G

#2076000
0#
0.
08
0:
b10000 ?
b11000 @

#2079000
0&
00

#2080000
0!
0,

#2082500
1&
10
b11000 6
b11000 B
b11000 H

#2085000
1!
1,

#2086000
0&
00

#2089500
1&
10

#2090000
0!
0,

#2090500
1'
11
19
1<
b1100 C
b1010 D

#2093000
0&
00

#2095000
1!
1,

#2096500
1&
b1100001100100110100000001010111 (
10
b1100 3
b1010 5
b1100 =
b1101 C
b1011 D
b1010 I

#2097500
0'
01
09
0<
b1100 C
b1010 D

#2100000
0!
0&
0,
00

#2103500
1&
10

#2104500
b101011 +

#2105000
1!
1,
b1010 J

#2106000
1#
b1110111110101110010111101001110 $
1.
b1110111110101110010111101001110 /
18
1:
b10001 ?
b11001 @

#2107000
0&
00

#2110000
0!
0,

#2110500
1&
10

#2114000
0&
00

#2115000
1!
1,
b10001 2
b11001 4
b1010 7
b10001 ;
b1010 >
b10010 ?
b11011 @
b11001 F
b1010 K

#2116000
0#
0.
08
0:
b10001 ?
b11001 @

#2117500
1&
10
b11001 G

#2120000
0!
0,

#2121000
0&
00

#2124500
1&
10
b11001 6
b11001 B
b11001 H

#2125000
1!
1,

#2128000
0&
00

#2130000
0!
0,

#2131500
1&
10

#2135000
1!
0&
1,
00

#2138500
1&
10

#2139500
1'
11
19
1<
b1101 C
b1011 D

#2140000
0!
0,

#2142000
0&
00

#2145000
1!
1,

#2145500
1&
b10111001110101100000110000101111 (
10
b1101 3
b1011 5
b1101 =
b1110 C
b1001 D
b1011 I

#2146500
0'
01
09
0<
b1101 C
b1011 D

#2149000
0&
00

#2150000
0!
0,

#2152500
1&
10

#2153500
b101100 +

#2155000
1!
1,
b1011 J

#2156000
1#
b10010000110010000110111011101000 $
0&
1.
b10010000110010000110111011101000 /
00
18
1:
b10010 ?
b11011 @

#2159500
1&
10

#2160000
0!
0,

#2163000
0&
00

#2165000
1!
1,
b10010 2
b11011 4
b1011 7
b10010 ;
b1011 >
b10011 ?
b11010 @
b11011 F
b1011 K

#2166000
0#
0.
08
0:
b10010 ?
b11011 @

#2166500
1&
10
b11011 G

#2167500
1'
11
19
1<
b1110 C
b1001 D

#2170000
0!
0&
0,
00

#2173500
1&
b1010011110000000111110100100100 (
10
b1110 3
b1001 5
b11011 6
b1110 =
b11011 B
b1111 C
b1000 D
b11011 H
b1001 I

#2174500
0'
01
09
0<
b1110 C
b1001 D

#2175000
1!
1,
b1001 J

#2177000
0&
00

#2180000
0!
0,

#2180500
1&
10

#2181500
b101101 +

#2184000
0&
00

#2185000
1!
1,
b1001 7
b1001 >
b1001 K

#2187500
1&
10

#2188500
1'
11
19
1<
b1111 C
b1000 D

#2190000
0!
0,

#2191000
0&
00

#2194500
1&
b10101000011011001110111000011000 (
10
b1111 3
b1000 5
b1111 =
b10000 C
b11000 D
b1000 I

#2195000
1!
1,
b1000 J

#2195500
0'
01
09
0<
b1111 C
b1000 D

#2198000
0&
00

#2200000
0!
0,

#2201500
1&
10

#2202500
b101110 +

#2205000
1!
0&
1,
00
b1000 7
b1000 >
b1000 K

#2208500
1&
10

#2210000
0!
0,

#2212000
0&
00

#2215000
1!
1,

#2215500
1&
10

#2216500
1'
11
19
1<
b10000 C
b11000 D

#2219000
0&
00

#2220000
0!
0,

#2222500
1&
b1110010001010101010000101101110 (
10
b10000 3
b11000 5
b10000 =
b10001 C
b11001 D
b11000 I

#2223500
0'
01
09
0<
b10000 C
b11000 D

#2225000
1!
1,
b11000 J

#2226000
0&
00

#2229500
1&
10

#2230000
0!
0,

#2230500
b101111 +

#2233000
0&
00

#2235000
1!
1,
b11000 7
b11000 >
b11000 K

#2236500
1&
10

#2237500
1'
11
19
1<
b10001 C
b11001 D

#2240000
0!
0&
0,
00

#2243500
1&
b1110111110101110010111101001110 (
10
b10001 3
b11001 5
b10001 =
b10010 C
b11011 D
1E
b11001 I

#2244500
0'
01
09
0<
b10001 C
b11001 D
0E

#2245000
1!
1,
b11001 J

#2247000
0&
00

#2250000
0!
0,

#2250500
1&
10

#2251500
b110000 +

#2254000
0&
00

#2255000
1!
1,
b11001 7
b11001 >
b11001 K

#2257500
1&
10

#2258500
1'
11
19
1<
b10010 C
b11011 D
1E

#2260000
0!
0,

#2261000
0&
00

#2264500
1&
b10010000110010000110111011101000 (
1)
10
b10010 3
b11011 5
09
0<
b10010 =
b11011 I

#2265000
1!
1,
b11011 J

#2265500
0'
01

#2268000
0&
00

#2270000
0!
0,

#2271500
1&
10

#2272500
b110001 +

#2275000
1!
0&
1,
00
b11011 7
b11011 >
b11011 K

#2276000
1#
b1111001100111111001100100010000 $
1.
b1111001100111111001100100010000 /
18
1:
b10011 ?
b11010 @

#2278500
1&
10

#2280000
0!
0,

#2282000
0&
00

#2285000
1!
1,
b10011 2
b11010 4
b10011 ;
b10100 ?
b11110 @
b11010 F

#2285500
1&
10
b11010 G

#2286000
0#
0.
08
0:
b10011 ?
b11010 @

#2289000
0&
00

#2290000
0!
0,

#2292500
1&
10
b11010 6
b11010 B
0E
b11010 H

#2295000
1!
1,

#2296000
0&
00

#2299500
1&
0)
10

#2300000
0!
0,

#2303000
0&
00

#2305000
1!
1,

#2306500
1&
10

#2310000
0!
0&
0,
00

#2313500
1&
10

#2315000
1!
1,

#2316000
1#
b10010011001010001000000000110110 $
1.
b10010011001010001000000000110110 /
18
1:
b10100 ?
b11110 @

#2317000
0&
00

#2320000
0!
0,

#2320500
1&
10

#2324000
0&
00

#2325000
1!
1,
b10100 2
b11110 4
b10100 ;
b10101 ?
b11111 @
b11110 F

#2326000
0#
0.
08
0:
b10100 ?
b11110 @

#2327500
1&
10
b11110 G

#2330000
0!
0,

#2331000
0&
00

#2334500
1&
10
b11110 6
b11110 B
b11110 H

#2335000
1!
1,

#2336000
1#
b10100011110011110001011000110011 $
1.
b10100011110011110001011000110011 /
18
1:
b10101 ?
b11111 @

#2338000
0&
00

#2340000
0!
0,

#2341500
1&
10

#2345000
1!
0&
1,
00
b10101 2
b11111 4
b10101 ;
b10110 ?
b11101 @
b11111 F

#2346000
0#
0.
08
0:
b10101 ?
b11111 @

#2348500
1&
10
b11111 G

#2349500
1'
11
19
1<
b10011 C
b11010 D

#2350000
0!
0,

#2352000
0&
00

#2355000
1!
1,

#2355500
1&
b1111001100111111001100100010000 (
10
b10011 3
b11010 5
b11111 6
b10011 =
b11111 B
b10100 C
b11110 D
b11111 H
b11010 I

#2356500
0'
01
09
0<
b10011 C
b11010 D

#2359000
0&
00

#2360000
0!
0,

#2362500
1&
10

#2363500
b110010 +

#2365000
1!
1,
b11010 J

#2366000
0&
00

#2369500
1&
10

#2370000
0!
0,

#2370500
1'
11
19
1<
b10100 C
b11110 D

#2373000
0&
00

#2375000
1!
1,
b11010 7
b11010 >
b11010 K

#2376500
1&
b10010011001010001000000000110110 (
10
b10100 3
b11110 5
b10100 =
b10101 C
b11111 D
1E
b11110 I

#2377500
0'
01
09
0<
b10100 C
b11110 D
0E

#2380000
0!
0&
0,
00

#2383500
1&
10

#2384500
b110011 +

#2385000
1!
1,
b11110 J

#2387000
0&
00

#2390000
0!
0,

#2390500
1&
10

#2391500
1'
11
19
1<
b10101 C
b11111 D
1E

#2394000
0&
00

#2395000
1!
1,
b11110 7
b11110 >
b11110 K

#2397500
1&
b10100011110011110001011000110011 (
1)
10
b10101 3
b11111 5
09
0<
b10101 =
b11111 I

#2398500
0'
01

#2400000
0!
0,

#2401000
0&
00

#2404500
1&
10

#2405000
1!
1,
b11111 J

#2405500
b110100 +

#2408000
0&
00

#2410000
0!
0,

#2411500
1&
10

#2415000
1!
0&
1,
00
b11111 7
b11111 >
b11111 K

#2418500
1&
10

#2420000
0!
0,

#2422000
0&
00

#2425000
1!
1,

#2425500
1&
10

#2426000
1#
b10100000100110111010100001100101 $
1.
b10100000100110111010100001100101 /
18
1:
b10110 ?
b11101 @

#2429000
0&
00

#2430000
0!
0,

#2432500
1&
10

#2435000
1!
1,
b10110 2
b11101 4
b10110 ;
b10111 ?
b11100 @
b11101 F

#2436000
0#
0&
0.
00
08
0:
b10110 ?
b11101 @

#2439500
1&
10
b11101 G

#2440000
0!
0,

#2443000
0&
00

#2445000
1!
1,

#2446000
1#
b1001010110110011010011000100001 $
1.
b1001010110110011010011000100001 /
18
1:
b10111 ?
b11100 @

#2446500
1&
10
b11101 6
b11101 B
0E
b11101 H

#2450000
0!
0&
0,
00

#2453500
1&
0)
10

#2455000
1!
1,
b10111 2
b11100 4
b10111 ;
b11000 ?
b10100 @
b11100 F

#2456000
0#
0.
08
0:
b10111 ?
b11100 @

#2457000
0&
00

#2460000
0!
0,

#2460500
1&
10
b11100 G

#2461500
1'
11
19
1<
b10110 C
b11101 D
1E

#2464000
0&
00

#2465000
1!
1,

#2467500
1&
b10100000100110111010100001100101 (
1)
10
b10110 3
b11101 5
b11100 6
09
0<
b10110 =
b11100 B
0E
b11100 H
b11101 I

#2468500
0'
01

#2470000
0!
0,

#2471000
0&
00

#2474500
1&
0)
10

#2475000
1!
1,
b11101 J

#2475500
b110101 +

#2478000
0&
00

#2480000
0!
0,

#2481500
1&
10

#2485000
1!
0&
1,
00
b11101 7
b11101 >
b11101 K

#2488500
1&
10

#2490000
0!
0,

#2492000
0&
00

#2495000
1!
1,

#2495500
1&
10

#2499000
0&
00

#2500000
0!
0,

#2502500
1&
10

#2505000
1!
1,

#2506000
1#
b1101100100010101110101101001011 $
0&
1.
b1101100100010101110101101001011 /
00
18
1:
b11000 ?
b10100 @

#2509500
1&
10

#2510000
0!
0,

#2513000
0&
00

#2515000
1!
1,
b11000 2
b10100 4
b11000 ;
b11001 ?
b10101 @
b10100 F

#2516000
0#
0.
08
0:
b11000 ?
b10100 @

#2516500
1&
10
b10100 G

#2520000
0!
0&
0,
00

#2523500
1&
10
b10100 6
b10100 B
b10100 H

#2525000
1!
1,

#2526000
1#
b1000100100010111001011101101011 $
1.
b1000100100010111001011101101011 /
18
1:
b11001 ?
b10101 @

#2527000
0&
00

#2530000
0!
0,

#2530500
1&
10

#2534000
0&
00

#2535000
1!
1,
b11001 2
b10101 4
b11001 ;
b11010 ?
b10111 @
b10101 F

#2536000
0#
0.
08
0:
b11001 ?
b10101 @

#2537500
1&
10
b10101 G

#2540000
0!
0,

#2541000
0&
00

#2544500
1&
10
b10101 6
b10101 B
b10101 H

#2545000
1!
1,

#2546000
1#
b110110011011001100011000011100 $
1.
b110110011011001100011000011100 /
18
1:
b11010 ?
b10111 @

#2548000
0&
00

#2550000
0!
0,

#2551500
1&
10

#2555000
1!
0&
1,
00
b11010 2
b10111 4
b11010 ;
b11011 ?
b10110 @
b10111 F

#2556000
0#
0.
08
0:
b11010 ?
b10111 @

#2558500
1&
10
b10111 G

#2560000
0!
0,

#2562000
0&
00

#2565000
1!
1,

#2565500
1&
10
b10111 6
b10111 B
b10111 H

#2569000
0&
00

#2570000
0!
0,

#2572500
1&
10

#2575000
1!
1,

#2576000
1#
b10010101101001110001110001010110 $
0&
1.
b10010101101001110001110001010110 /
00
18
1:
b11011 ?
b10110 @

#2579500
1&
10

#2580000
0!
0,

#2583000
0&
00

#2585000
1!
1,
b11011 2
b10110 4
b11011 ;
b11100 ?
b10010 @
b10110 F

#2586000
0#
0.
08
0:
b11011 ?
b10110 @

#2586500
1&
10
b10110 G

#2590000
0!
0&
0,
00

#2593500
1&
10
b10110 6
b10110 B
b10110 H

#2595000
1!
1,

#2596000
1#
b1000011101111011111100010111100 $
1.
b1000011101111011111100010111100 /
18
1:
b11100 ?
b10010 @

#2597000
0&
00

#2600000
0!
0,

#2600500
1&
10

#2604000
0&
00

#2605000
1!
1,
b11100 2
b10010 4
b11100 ;
b11101 ?
b10011 @
b10010 F

#2606000
0#
0.
08
0:
b11100 ?
b10010 @

#2607500
1&
10
b10010 G

#2610000
0!
0,

#2611000
0&
00

#2614500
1&
10
b10010 6
b10010 B
b10010 H

#2615000
1!
1,

#2616000
1#
b1101100110100010101111100100011 $
1.
b1101100110100010101111100100011 /
18
1:
b11101 ?
b10011 @

#2618000
0&
00

#2620000
0!
0,

#2621500
1&
10

#2625000
1!
0&
1,
00
b11101 2
b10011 4
b11101 ;
b11110 ?
b10001 @
b10011 F

#2626000
0#
0.
08
0:
b11101 ?
b10011 @

#2628500
1&
10
b10011 G

#2630000
0!
0,

#2632000
0&
00

#2635000
1!
1,

#2635500
1&
10
b10011 6
b10011 B
b10011 H

#2636500
1'
11
19
1<
b10111 C
b11100 D

#2639000
0&
00

#2640000
0!
0,

#2642500
1&
b1001010110110011010011000100001 (
10
b10111 3
b11100 5
b10111 =
b11000 C
b10100 D
b11100 I

#2643500
0'
01
09
0<
b10111 C
b11100 D

#2645000
1!
1,
b11100 J

#2646000
0&
00

#2649500
1&
10

#2650000
0!
0,

#2650500
b110110 +

#2653000
0&
00

#2655000
1!
1,
b11100 7
b11100 >
b11100 K

#2656000
1#
b1011110001101110011110011011011 $
1.
b1011110001101110011110011011011 /
18
1:
b11110 ?
b10001 @

#2656500
1&
10

#2660000
0!
0&
0,
00

#2663500
1&
10

#2665000
1!
1,
b11110 2
b10001 4
b11110 ;
b11111 ?
b10000 @
b10001 F

#2666000
0#
0.
08
0:
b11110 ?
b10001 @

#2667000
0&
00

#2670000
0!
0,

#2670500
1&
10
b10001 G

#2674000
0&
00

#2675000
1!
1,

#2676000
1#
b1100010101101100011011110100101 $
1.
b1100010101101100011011110100101 /
18
1:
b11111 ?
b10000 @

#2677500
1&
10
b10001 6
b10001 B
b10001 H

#2680000
0!
0,

#2681000
0&
00

#2684500
1&
10

#2685000
1!
1,
b11111 2
b10000 4
b11111 ;
b0 ?
b0 @
b10000 F

#2686000
0#
0.
08
0:
b11111 ?
b10000 @

#2688000
0&
00

#2690000
0!
0,

#2691500
1&
10
b10000 G

#2692500
1'
11
19
1<
b11000 C
b10100 D

#2695000
1!
0&
1,
00

#2698500
1&
b1101100100010101110101101001011 (
10
b11000 3
b10100 5
b10000 6
b11000 =
b10000 B
b11001 C
b10101 D
b10000 H
b10100 I

#2699500
0'
01
09
0<
b11000 C
b10100 D

#2700000
0!
0,

#2702000
0&
00

#2705000
1!
1,
b10100 J

#2705500
1&
10

#2706500
b110111 +

#2709000
0&
00

#2710000
0!
0,

#2712500
1&
10

#2715000
1!
1,
b10100 7
b10100 >
b10100 K

#2716000
1#
b1110011010001001100101111111100 $
0&
1.
b1110011010001001100101111111100 /
00
18
1:
b0 ?
b0 @

#2719500
1&
10

#2720000
0!
0,

#2723000
0&
00

#2725000
1!
1,
b0 2
b0 4
b0 ;
b1 ?
b1 @
b0 F

#2726000
0#
0.
08
0:
b0 ?
b0 @

#2726500
1&
10
b0 G

#2730000
0!
0&
0,
00

#2733500
1&
10
b0 6
b0 B
b0 H

#2735000
1!
1,

#2737000
0&
00

#2740000
0!
0,

#2740500
1&
10

#2741500
1'
11
19
1<
b11001 C
b10101 D

#2744000
0&
00

#2745000
1!
1,

#2747500
1&
b1000100100010111001011101101011 (
10
b11001 3
b10101 5
b11001 =
b11010 C
b10111 D
b10101 I

#2748500
0'
01
09
0<
b11001 C
b10101 D

#2750000
0!
0,

#2751000
0&
00

#2754500
1&
10

#2755000
1!
1,
b10101 J

#2755500
b111000 +

#2758000
0&
00

#2760000
0!
0,

#2761500
1&
10

#2765000
1!
0&
1,
00
b10101 7
b10101 >
b10101 K

#2766000
1#
b10110010100100110111111110000 $
1.
b10110010100100110111111110000 /
18
1:
b1 ?
b1 @

#2768500
1&
10

#2770000
0!
0,

#2772000
0&
00

#2775000
1!
1,
b1 2
b1 4
b1 ;
b10 ?
b11 @
b1 F

#2775500
1&
10
b1 G

#2776000
0#
0.
08
0:
b1 ?
b1 @

#2779000
0&
00

#2780000
0!
0,

#2782500
1&
10
b1 6
b1 B
b1 H

#2785000
1!
1,

#2786000
1#
b10100010111011000101111011010 $
0&
1.
b10100010111011000101111011010 /
00
18
1:
b10 ?
b11 @

#2789500
1&
10

#2790000
0!
0,

#2793000
0&
00

#2795000
1!
1,
b10 2
b11 4
b10 ;
b11 ?
b10 @
b11 F

#2796000
0#
0.
08
0:
b10 ?
b11 @

#2796500
1&
10
b11 G

#2797500
1'
11
19
1<
b11010 C
b10111 D

#2800000
0!
0&
0,
00

#2803500
1&
b110110011011001100011000011100 (
10
b11010 3
b10111 5
b11 6
b11010 =
b11 B
b11011 C
b10110 D
b11 H
b10111 I

#2804500
0'
01
09
0<
b11010 C
b10111 D

#2805000
1!
1,
b10111 J

#2807000
0&
00

#2810000
0!
0,

#2810500
1&
10

#2811500
b111001 +

#2814000
0&
00

#2815000
1!
1,
b10111 7
b10111 >
b10111 K

#2817500
1&
10

#2818500
1'
11
19
1<
b11011 C
b10110 D

#2820000
0!
0,

#2821000
0&
00

#2824500
1&
b10010101101001110001110001010110 (
10
b11011 3
b10110 5
b11011 =
b11100 C
b10010 D
b10110 I

#2825000
1!
1,
b10110 J

#2825500
0'
01
09
0<
b11011 C
b10110 D

#2828000
0&
00

#2830000
0!
0,

#2831500
1&
10

#2832500
b111010 +

#2835000
1!
0&
1,
00
b10110 7
b10110 >
b10110 K

#2838500
1&
10

#2839500
1'
11
19
1<
b11100 C
b10010 D

#2840000
0!
0,

#2842000
0&
00

#2845000
1!
1,

#2845500
1&
b1000011101111011111100010111100 (
10
b11100 3
b10010 5
b11100 =
b11101 C
b10011 D
b10010 I

#2846500
0'
01
09
0<
b11100 C
b10010 D

#2849000
0&
00

#2850000
0!
0,

#2852500
1&
10

#2853500
b111011 +

#2855000
1!
1,
b10010 J

#2856000
1#
b10111010010000110100001011001 $
0&
1.
b10111010010000110100001011001 /
00
18
1:
b11 ?
b10 @

#2859500
1&
10

#2860000
0!
0,

#2863000
0&
00

#2865000
1!
1,
b11 2
b10 4
b10010 7
b11 ;
b10010 >
b100 ?
b110 @
b10 F
b10010 K

#2866000
0#
0.
08
0:
b11 ?
b10 @

#2866500
1&
10
b10 G

#2870000
0!
0&
0,
00

#2873500
1&
10
b10 6
b10 B
b10 H

#2875000
1!
1,

#2876000
1#
b110010011110000110010110110100 $
1.
b110010011110000110010110110100 /
18
1:
b100 ?
b110 @

#2877000
0&
00

#2880000
0!
0,

#2880500
1&
10

#2884000
0&
00

#2885000
1!
1,
b100 2
b110 4
b100 ;
b101 ?
b111 @
b110 F

#2886000
0#
0.
08
0:
b100 ?
b110 @

#2887500
1&
10
b110 G

#2890000
0!
0,

#2891000
0&
00

#2894500
1&
10
b110 6
b110 B
b110 H

#2895000
1!
1,

#2898000
0&
00

#2900000
0!
0,

#2901500
1&
10

#2902500
1'
11
19
1<
b11101 C
b10011 D

#2905000
1!
0&
1,
00

#2908500
1&
b1101100110100010101111100100011 (
10
b11101 3
b10011 5
b11101 =
b11110 C
b10001 D
b10011 I

#2909500
0'
01
09
0<
b11101 C
b10011 D

#2910000
0!
0,

#2912000
0&
00

#2915000
1!
1,
b10011 J

#2915500
1&
10

#2916500
b111100 +

#2919000
0&
00

#2920000
0!
0,

#2922500
1&
10

#2923500
1'
11
19
1<
b11110 C
b10001 D

#2925000
1!
1,
b10011 7
b10011 >
b10011 K

#2926000
0&
00

#2929500
1&
b1011110001101110011110011011011 (
10
b11110 3
b10001 5
b11110 =
b11111 C
b10000 D
b10001 I

#2930000
0!
0,

#2930500
0'
01
09
0<
b11110 C
b10001 D

#2933000
0&
00

#2935000
1!
1,
b10001 J

#2936500
1&
10

#2937500
b111101 +

#2940000
0!
0&
0,
00

#2943500
1&
10

#2945000
1!
1,
b10001 7
b10001 >
b10001 K

#2947000
0&
00

#2950000
0!
0,

#2950500
1&
10

#2954000
0&
00

#2955000
1!
1,

#2957500
1&
10

#2960000
0!
0,

#2961000
0&
00

#2964500
1&
10

#2965000
1!
1,

#2966000
1#
b101100000110101000101000101001 $
1.
b101100000110101000101000101001 /
18
1:
b101 ?
b111 @

#2968000
0&
00

#2970000
0!
0,

#2971500
1&
10

#2975000
1!
0&
1,
00
b101 2
b111 4
b101 ;
b110 ?
b101 @
b111 F

#2976000
0#
0.
08
0:
b101 ?
b111 @

#2978500
1&
10
b111 G

#2980000
0!
0,

#2982000
0&
00

#2985000
1!
1,

#2985500
1&
10
b111 6
b111 B
b111 H

#2986500
1'
11
19
1<
b11111 C
b10000 D

#2989000
0&
00

#2990000
0!
0,

#2992500
1&
b1100010101101100011011110100101 (
10
b11111 3
b10000 5
b11111 =
b0 C
b0 D
b10000 I

#2993500
0'
01
09
0<
b11111 C
b10000 D

#2995000
1!
1,
b10000 J

#2996000
0&
00

#2999500
1&
10

#3000000
0!
0,

#3000500
b111110 +

#3003000
0&
00

#3005000
1!
1,
b10000 7
b10000 >
b10000 K

#3006000
1#
b100000010111001110101100000100 $
1.
b100000010111001110101100000100 /
18
1:
b110 ?
b101 @

#3006500
1&
10

#3010000
0!
0&
0,
00

#3013500
1&
10

#3015000
1!
1,
b110 2
b101 4
b110 ;
b111 ?
b100 @
b101 F

#3016000
0#
0.
08
0:
b110 ?
b101 @

#3017000
0&
00

#3020000
0!
0,

#3020500
1&
10
b101 G

#3024000
0&
00

#3025000
1!
1,

#3027500
1&
10
b101 6
b101 B
b101 H

#3030000
0!
0,

#3031000
0&
00

#3034500
1&
10

#3035000
1!
1,

#3038000
0&
00

#3040000
0!
0,

#3041500
1&
10

#3045000
1!
0&
1,
00

#3046000
1#
b10111110110100000110011001100111 $
1.
b10111110110100000110011001100111 /
18
1:
b111 ?
b100 @

#3048500
1&
10

#3050000
0!
0,

#3052000
0&
00

#3055000
1!
1,
b111 2
b100 4
b111 ;
b1000 ?
b1100 @
b100 F

#3055500
1&
10
b100 G

#3056000
0#
0.
08
0:
b111 ?
b100 @

#3059000
0&
00

#3060000
0!
0,

#3062500
1&
10
b100 6
b100 B
b100 H

#3065000
1!
1,

#3066000
0&
00

#3069500
1&
10

#3070000
0!
0,

#3073000
0&
00

#3075000
1!
1,

#3076000
1#
b100110100011010000100110011 $
1.
b100110100011010000100110011 /
18
1:
b1000 ?
b1100 @

#3076500
1&
10

#3080000
0!
0&
0,
00

#3083500
1&
10

#3085000
1!
1,
b1000 2
b1100 4
b1000 ;
b1001 ?
b1101 @
b1100 F

#3086000
0#
0.
08
0:
b1000 ?
b1100 @

#3087000
0&
00

#3090000
0!
0,

#3090500
1&
10
b1100 G

#3091500
1'
11
19
1<
b0 C
b0 D

#3094000
0&
00

#3095000
1!
1,

#3097500
1&
b1110011010001001100101111111100 (
10
b0 3
b0 5
b1100 6
b0 =
b1100 B
b1 C
b1 D
b1100 H
b0 I

#3098500
0'
01
09
0<
b0 C
b0 D

#3100000
0!
0,

#3101000
0&
00

#3104500
1&
10

#3105000
1!
1,
b0 J

#3105500
b111111 +

#3108000
0&
00

#3110000
0!
0,

#3111500
1&
10

#3115000
1!
0&
1,
00
b0 7
b0 >
b0 K

#3116000
1#
b11010001111101111011101101111 $
1.
b11010001111101111011101101111 /
18
1:
b1001 ?
b1101 @

#3118500
1&
10

#3120000
0!
0,

#3122000
0&
00

#3125000
1!
1,
b1001 2
b1101 4
b1001 ;
b1010 ?
b1111 @
b1101 F

#3125500
1&
10
b1101 G

#3126000
0#
0.
08
0:
b1001 ?
b1101 @

#3129000
0&
00

#3130000
0!
0,

#3132500
1&
10
b1101 6
b1101 B
b1101 H

#3135000
1!
1,

#3136000
1#
b1001010000111001001000111110010 $
0&
1.
b1001010000111001001000111110010 /
00
18
1:
b1010 ?
b1111 @

#3139500
1&
10

#3140000
0!
0,

#3143000
0&
00

#3145000
1!
1,
b1010 2
b1111 4
b1010 ;
b1011 ?
b1110 @
b1111 F

#3146000
0#
0.
08
0:
b1010 ?
b1111 @

#3146500
1&
10
b1111 G

#3150000
0!
0&
0,
00

#3153500
1&
10
b1111 6
b1111 B
b1111 H

#3155000
1!
1,

#3157000
0&
00

#3160000
0!
0,

#3160500
1&
10

#3164000
0&
00

#3165000
1!
1,

#3167500
1&
10

#3170000
0!
0,

#3171000
0&
00

#3174500
1&
10

#3175000
1!
1,

#3176000
1#
b10101010010011100010111100001000 $
1.
b10101010010011100010111100001000 /
18
1:
b1011 ?
b1110 @

#3178000
0&
00

#3180000
0!
0,

#3181500
1&
10

#3185000
1!
0&
1,
00
b1011 2
b1110 4
b1011 ;
b1100 ?
b1010 @
b1110 F

#3186000
0#
0.
08
0:
b1011 ?
b1110 @

#3188500
1&
10
b1110 G

#3189500
1'
11
19
1<
b1 C
b1 D

#3190000
0!
0,

#3192000
0&
00

#3195000
1!
1,

#3195500
1&
b10110010100100110111111110000 (
10
b1 3
b1 5
b1110 6
b1 =
b1110 B
b10 C
b11 D
b1110 H
b1 I

#3196500
0'
01
09
0<
b1 C
b1 D

#3199000
0&
00

#3200000
0!
0,

#3202500
1&
10

#3203500
b1000000 +

#3205000
1!
1,
b1 J

#3206000
0&
00

#3209500
1&
10

#3210000
0!
0,

#3210500
1'
11
19
1<
b10 C
b11 D

#3213000
0&
00

#3215000
1!
1,
b1 7
b1 >
b1 K

#3216500
1&
b10100010111011000101111011010 (
10
b10 3
b11 5
b10 =
b11 C
b10 D
b11 I

#3217500
0'
01
09
0<
b10 C
b11 D

#3220000
0!
0&
0,
00

#3223500
1&
10

#3224500
b1000001 +

#3225000
1!
1,
b11 J

#3227000
0&
00

#3230000
0!
0,

#3230500
1&
10

#3231500
1'
11
19
1<
b11 C
b10 D

#3234000
0&
00

#3235000
1!
1,
b11 7
b11 >
b11 K

#3237500
1&
b10111010010000110100001011001 (
10
b11 3
b10 5
b11 =
b100 C
b110 D
b10 I

#3238500
0'
01
09
0<
b11 C
b10 D

#3240000
0!
0,

#3241000
0&
00

#3244500
1&
10

#3245000
1!
1,
b10 J

#3245500
b1000010 +

#3248000
0&
00

#3250000
0!
0,

#3251500
1&
10

#3252500
1'
11
19
1<
b100 C
b110 D

#3255000
1!
0&
1,
00
b10 7
b10 >
b10 K

#3258500
1&
b110010011110000110010110110100 (
10
b100 3
b110 5
b100 =
b101 C
b111 D
b110 I

#3259500
0'
01
09
0<
b100 C
b110 D

#3260000
0!
0,

#3262000
0&
00

#3265000
1!
1,
b110 J

#3265500
1&
10

#3266500
b1000011 +

#3269000
0&
00

#3270000
0!
0,

#3272500
1&
10

#3273500
1'
11
19
1<
b101 C
b111 D

#3275000
1!
1,
b110 7
b110 >
b110 K

#3276000
0&
00

#3279500
1&
b101100000110101000101000101001 (
10
b101 3
b111 5
b101 =
b110 C
b101 D
b111 I

#3280000
0!
0,

#3280500
0'
01
09
0<
b101 C
b111 D

#3283000
0&
00

#3285000
1!
1,
b111 J

#3286500
1&
10

#3287500
b1000100 +

#3290000
0!
0&
0,
00

#3293500
1&
10

#3295000
1!
1,
b111 7
b111 >
b111 K

#3296000
1#
b1011011101111101111110110001110 $
1.
b1011011101111101111110110001110 /
18
1:
b1100 ?
b1010 @

#3297000
0&
00

#3300000
0!
0,

#3300500
1&
10

#3304000
0&
00

#3305000
1!
1,
b1100 2
b1010 4
b1100 ;
b1101 ?
b1011 @
b1010 F

#3306000
0#
0.
08
0:
b1100 ?
b1010 @

#3307500
1&
10
b1010 G

#3310000
0!
0,

#3311000
0&
00

#3314500
1&
10
b1010 6
b1010 B
b1010 H

#3315000
1!
1,

#3316000
1#
b10110111000101110001100011000100 $
1.
b10110111000101110001100011000100 /
18
1:
b1101 ?
b1011 @

#3318000
0&
00

#3320000
0!
0,

#3321500
1&
10

#3325000
1!
0&
1,
00
b1101 2
b1011 4
b1101 ;
b1110 ?
b1001 @
b1011 F

#3326000
0#
0.
08
0:
b1101 ?
b1011 @

#3328500
1&
10
b1011 G

#3330000
0!
0,

#3332000
0&
00

#3335000
1!
1,

#3335500
1&
10
b1011 6
b1011 B
b1011 H

#3336000
1#
b1001001001001000101111000101100 $
1.
b1001001001001000101111000101100 /
18
1:
b1110 ?
b1001 @

#3339000
0&
00

#3340000
0!
0,

#3342500
1&
10

#3345000
1!
1,
b1110 2
b1001 4
b1110 ;
b1111 ?
b1000 @
b1001 F

#3346000
0#
0&
0.
00
08
0:
b1110 ?
b1001 @

#3349500
1&
10
b1001 G

#3350000
0!
0,

#3350500
1'
11
19
1<
b110 C
b101 D

#3353000
0&
00

#3355000
1!
1,

#3356500
1&
b100000010111001110101100000100 (
10
b110 3
b101 5
b1001 6
b110 =
b1001 B
b111 C
b100 D
b1001 H
b101 I

#3357500
0'
01
09
0<
b110 C
b101 D

#3360000
0!
0&
0,
00

#3363500
1&
10

#3364500
b1000101 +

#3365000
1!
1,
b101 J

#3366000
1#
b1010001100111000011011101110001 $
1.
b1010001100111000011011101110001 /
18
1:
b1111 ?
b1000 @

#3367000
0&
00

#3370000
0!
0,

#3370500
1&
10

#3374000
0&
00

#3375000
1!
1,
b1111 2
b1000 4
b101 7
b1111 ;
b101 >
b10000 ?
b11000 @
b1000 F
b101 K

#3376000
0#
0.
08
0:
b1111 ?
b1000 @

#3377500
1&
10
b1000 G

#3380000
0!
0,

#3381000
0&
00

#3384500
1&
10
b1000 6
b1000 B
b1000 H

#3385000
1!
1,

#3388000
0&
00

#3390000
0!
0,

#3391500
1&
10

#3392500
1'
11
19
1<
b111 C
b100 D

#3395000
1!
0&
1,
00

#3398500
1&
b10111110110100000110011001100111 (
10
b111 3
b100 5
b111 =
b1000 C
b1100 D
b100 I

#3399500
0'
01
09
0<
b111 C
b100 D

#3400000
0!
0,

#3402000
0&
00

#3405000
1!
1,
b100 J

#3405500
1&
10

#3406500
b1000110 +

#3409000
0&
00

#3410000
0!
0,

#3412500
1&
10

#3415000
1!
1,
b100 7
b100 >
b100 K

#3416000
0&
00

#3419500
1&
10

#3420000
0!
0,

#3420500
1'
11
19
1<
b1000 C
b1100 D

#3423000
0&
00

#3425000
1!
1,

#3426500
1&
b100110100011010000100110011 (
10
b1000 3
b1100 5
b1000 =
b1001 C
b1101 D
b1100 I

#3427500
0'
01
09
0<
b1000 C
b1100 D

#3430000
0!
0&
0,
00

#3433500
1&
10

#3434500
b1000111 +

#3435000
1!
1,
b1100 J

#3437000
0&
00

#3440000
0!
0,

#3440500
1&
10

#3441500
1'
11
19
1<
b1001 C
b1101 D

#3444000
0&
00

#3445000
1!
1,
b1100 7
b1100 >
b1100 K

#3447500
1&
b11010001111101111011101101111 (
10
b1001 3
b1101 5
b1001 =
b1010 C
b1111 D
b1101 I

#3448500
0'
01
09
0<
b1001 C
b1101 D

#3450000
0!
0,

#3451000
0&
00

#3454500
1&
10

#3455000
1!
1,
b1101 J

#3455500
b1001000 +

#3458000
0&
00

#3460000
0!
0,

#3461500
1&
10

#3465000
1!
0&
1,
00
b1101 7
b1101 >
b1101 K

#3466000
1#
b1001001110000111000011000010100 $
1.
b1001001110000111000011000010100 /
18
1:
b10000 ?
b11000 @

#3468500
1&
10

#3470000
0!
0,

#3472000
0&
00

#3475000
1!
1,
b10000 2
b11000 4
b10000 ;
b10001 ?
b11001 @
b11000 F

#3475500
1&
10
b11000 G

#3476000
0#
0.
08
0:
b10000 ?
b11000 @

#3479000
0&
00

#3480000
0!
0,

#3482500
1&
10
b11000 6
b11000 B
b11000 H

#3485000
1!
1,

#3486000
1#
b10011010001110010010011001110 $
0&
1.
b10011010001110010010011001110 /
00
18
1:
b10001 ?
b11001 @

#3489500
1&
10

#3490000
0!
0,

#3493000
0&
00

#3495000
1!
1,
b10001 2
b11001 4
b10001 ;
b10010 ?
b11011 @
b11001 F

#3496000
0#
0.
08
0:
b10001 ?
b11001 @

#3496500
1&
10
b11001 G

#3497500
1'
11
19
1<
b1010 C
b1111 D

#3500000
0!
0&
0,
00

#3503500
1&
b1001010000111001001000111110010 (
10
b1010 3
b1111 5
b11001 6
b1010 =
b11001 B
b1011 C
b1110 D
b11001 H
b1111 I

#3504500
0'
01
09
0<
b1010 C
b1111 D

#3505000
1!
1,
b1111 J

#3507000
0&
00

#3510000
0!
0,

#3510500
1&
10

#3511500
b1001001 +

#3514000
0&
00

#3515000
1!
1,
b1111 7
b1111 >
b1111 K

#3517500
1&
10

#3518500
1'
11
19
1<
b1011 C
b1110 D

#3520000
0!
0,

#3521000
0&
00

#3524500
1&
b10101010010011100010111100001000 (
10
b1011 3
b1110 5
b1011 =
b1100 C
b1010 D
b1110 I

#3525000
1!
1,
b1110 J

#3525500
0'
01
09
0<
b1011 C
b1110 D

#3528000
0&
00

#3530000
0!
0,

#3531500
1&
10

#3532500
b1001010 +

#3535000
1!
0&
1,
00
b1110 7
b1110 >
b1110 K

#3536000
1#
b10111010111111100010010110010101 $
1.
b10111010111111100010010110010101 /
18
1:
b10010 ?
b11011 @

#3538500
1&
10

#3540000
0!
0,

#3542000
0&
00

#3545000
1!
1,
b10010 2
b11011 4
b10010 ;
b10011 ?
b11010 @
b11011 F

#3545500
1&
10
b11011 G

#3546000
0#
0.
08
0:
b10010 ?
b11011 @

#3549000
0&
00

#3550000
0!
0,

#3552500
1&
10
b11011 6
b11011 B
b11011 H

#3555000
1!
1,

#3556000
0&
00

#3559500
1&
10

#3560000
0!
0,

#3560500
1'
11
19
1<
b1100 C
b1010 D

#3563000
0&
00

#3565000
1!
1,

#3566500
1&
b1011011101111101111110110001110 (
10
b1100 3
b1010 5
b1100 =
b1101 C
b1011 D
b1010 I

#3567500
0'
01
09
0<
b1100 C
b1010 D

#3570000
0!
0&
0,
00

#3573500
1&
10

#3574500
b1001011 +

#3575000
1!
1,
b1010 J

#3576000
1#
b10101101010100001010001010000 $
1.
b10101101010100001010001010000 /
18
1:
b10011 ?
b11010 @

#3577000
0&
00

#3580000
0!
0,

#3580500
1&
10

#3584000
0&
00

#3585000
1!
1,
b10011 2
b11010 4
b1010 7
b10011 ;
b1010 >
b10100 ?
b11110 @
b11010 F
b1010 K

#3586000
0#
0.
08
0:
b10011 ?
b11010 @

#3587500
1&
10
b11010 G

#3590000
0!
0,

#3591000
0&
00

#3594500
1&
10
b11010 6
b11010 B
b11010 H

#3595000
1!
1,

#3598000
0&
00

#3600000
0!
0,

#3601500
1&
10

#3605000
1!
0&
1,
00

#3608500
1&
10

#3610000
0!
0,

#3612000
0&
00

#3615000
1!
1,

#3615500
1&
10

#3619000
0&
00

#3620000
0!
0,

#3622500
1&
10

#3625000
1!
1,

#3626000
1#
b11100110111111011011100111110 $
0&
1.
b11100110111111011011100111110 /
00
18
1:
b10100 ?
b11110 @

#3629500
1&
10

#3630000
0!
0,

#3633000
0&
00

#3635000
1!
1,
b10100 2
b11110 4
b10100 ;
b10101 ?
b11111 @
b11110 F

#3636000
0#
0.
08
0:
b10100 ?
b11110 @

#3636500
1&
10
b11110 G

#3637500
1'
11
19
1<
b1101 C
b1011 D

#3640000
0!
0&
0,
00

#3643500
1&
b10110111000101110001100011000100 (
10
b1101 3
b1011 5
b11110 6
b1101 =
b11110 B
b1110 C
b1001 D
b11110 H
b1011 I

#3644500
0'
01
09
0<
b1101 C
b1011 D

#3645000
1!
1,
b1011 J

#3647000
0&
00

#3650000
0!
0,

#3650500
1&
10

#3651500
b1001100 +

#3654000
0&
00

#3655000
1!
1,
b1011 7
b1011 >
b1011 K

#3656000
1#
b10110100000101011001100101100101 $
1.
b10110100000101011001100101100101 /
18
1:
b10101 ?
b11111 @

#3657500
1&
10

#3660000
0!
0,

#3661000
0&
00

#3664500
1&
10

#3665000
1!
1,
b10101 2
b11111 4
b10101 ;
b10110 ?
b11101 @
b11111 F

#3666000
0#
0.
08
0:
b10101 ?
b11111 @

#3668000
0&
00

#3670000
0!
0,

#3671500
1&
10
b11111 G

#3672500
1'
11
19
1<
b1110 C
b1001 D

#3675000
1!
0&
1,
00

#3678500
1&
b1001001001001000101111000101100 (
10
b1110 3
b1001 5
b11111 6
b1110 =
b11111 B
b1111 C
b1000 D
b11111 H
b1001 I

#3679500
0'
01
09
0<
b1110 C
b1001 D

#3680000
0!
0,

#3682000
0&
00

#3685000
1!
1,
b1001 J

#3685500
1&
10

#3686500
b1001101 +

#3689000
0&
00

#3690000
0!
0,

#3692500
1&
10

#3695000
1!
1,
b1001 7
b1001 >
b1001 K

#3696000
0&
00

#3699500
1&
10

#3700000
0!
0,

#3700500
1'
11
19
1<
b1111 C
b1000 D

#3703000
0&
00

#3705000
1!
1,

#3706500
1&
b1010001100111000011011101110001 (
10
b1111 3
b1000 5
b1111 =
b10000 C
b11000 D
b1000 I

#3707500
0'
01
09
0<
b1111 C
b1000 D

#3710000
0!
0&
0,
00

#3713500
1&
10

#3714500
b1001110 +

#3715000
1!
1,
b1000 J

#3716000
1#
b1001000010010010010110110000000 $
1.
b1001000010010010010110110000000 /
18
1:
b10110 ?
b11101 @

#3717000
0&
00

#3720000
0!
0,

#3720500
1&
10

#3724000
0&
00

#3725000
1!
1,
b10110 2
b11101 4
b1000 7
b10110 ;
b1000 >
b10111 ?
b11100 @
b11101 F
b1000 K

#3726000
0#
0.
08
0:
b10110 ?
b11101 @

#3727500
1&
10
b11101 G

#3730000
0!
0,

#3731000
0&
00

#3734500
1&
10
b11101 6
b11101 B
b11101 H

#3735000
1!
1,

#3736000
1#
b1111110000100101111111000110110 $
1.
b1111110000100101111111000110110 /
18
1:
b10111 ?
b11100 @

#3738000
0&
00

#3740000
0!
0,

#3741500
1&
10

#3745000
1!
0&
1,
00
b10111 2
b11100 4
b10111 ;
b11000 ?
b10100 @
b11100 F

#3746000
0#
0.
08
0:
b10111 ?
b11100 @

#3748500
1&
10
b11100 G

#3750000
0!
0,

#3752000
0&
00

#3755000
1!
1,

#3755500
1&
10
b11100 6
b11100 B
b11100 H

#3756000
1#
b1111100000011011101110010010100 $
1.
b1111100000011011101110010010100 /
18
1:
b11000 ?
b10100 @

#3759000
0&
00

#3760000
0!
0,

#3762500
1&
10

#3765000
1!
1,
b11000 2
b10100 4
b11000 ;
b11001 ?
b10101 @
b10100 F

#3766000
0#
0&
0.
00
08
0:
b11000 ?
b10100 @

#3769500
1&
10
b10100 G

#3770000
0!
0,

#3773000
0&
00

#3775000
1!
1,

#3776000
1#
b111100111000000110010000001100 $
1.
b111100111000000110010000001100 /
18
1:
b11001 ?
b10101 @

#3776500
1&
10
b10100 6
b10100 B
b10100 H

#3780000
0!
0&
0,
00

#3783500
1&
10

#3785000
1!
1,
b11001 2
b10101 4
b11001 ;
b11010 ?
b10111 @
b10101 F

#3786000
0#
0.
08
0:
b11001 ?
b10101 @

#3787000
0&
00

#3790000
0!
0,

#3790500
1&
10
b10101 G

#3794000
0&
00

#3795000
1!
1,

#3797500
1&
10
b10101 6
b10101 B
b10101 H

#3798500
1'
11
19
1<
b10000 C
b11000 D

#3800000
0!
0,

#3801000
0&
00

#3804500
1&
b1001001110000111000011000010100 (
10
b10000 3
b11000 5
b10000 =
b10001 C
b11001 D
b11000 I

#3805000
1!
1,
b11000 J

#3805500
0'
01
09
0<
b10000 C
b11000 D

#3808000
0&
00

#3810000
0!
0,

#3811500
1&
10

#3812500
b1001111 +

#3815000
1!
0&
1,
00
b11000 7
b11000 >
b11000 K

#3818500
1&
10

#3820000
0!
0,

#3822000
0&
00

#3825000
1!
1,

#3825500
1&
10

#3829000
0&
00

#3830000
0!
0,

#3832500
1&
10

#3835000
1!
1,

#3836000
1#
b1010000100000011101001111000101 $
0&
1.
b1010000100000011101001111000101 /
00
18
1:
b11010 ?
b10111 @

#3839500
1&
10

#3840000
0!
0,

#3843000
0&
00

#3845000
1!
1,
b11010 2
b10111 4
b11010 ;
b11011 ?
b10110 @
b10111 F

#3846000
0#
0.
08
0:
b11010 ?
b10111 @

#3846500
1&
10
b10111 G

#3850000
0!
0&
0,
00

#3853500
1&
10
b10111 6
b10111 B
b10111 H

#3855000
1!
1,

#3857000
0&
00

#3860000
0!
0,

#3860500
1&
10

#3861500
1'
11
19
1<
b10001 C
b11001 D

#3864000
0&
00

#3865000
1!
1,

#3867500
1&
b10011010001110010010011001110 (
10
b10001 3
b11001 5
b10001 =
b10010 C
b11011 D
b11001 I

#3868500
0'
01
09
0<
b10001 C
b11001 D

#3870000
0!
0,

#3871000
0&
00

#3874500
1&
10

#3875000
1!
1,
b11001 J

#3875500
b1010000 +

#3878000
0&
00

#3880000
0!
0,

#3881500
1&
10

#3882500
1'
11
19
1<
b10010 C
b11011 D

#3885000
1!
0&
1,
00
b11001 7
b11001 >
b11001 K

#3888500
1&
b10111010111111100010010110010101 (
10
b10010 3
b11011 5
b10010 =
b10011 C
b11010 D
b11011 I

#3889500
0'
01
09
0<
b10010 C
b11011 D

#3890000
0!
0,

#3892000
0&
00

#3895000
1!
1,
b11011 J

#3895500
1&
10

#3896500
b1010001 +

#3899000
0&
00

#3900000
0!
0,

#3902500
1&
10

#3903500
1'
11
19
1<
b10011 C
b11010 D

#3905000
1!
1,
b11011 7
b11011 >
b11011 K

#3906000
0&
00

#3909500
1&
b10101101010100001010001010000 (
10
b10011 3
b11010 5
b10011 =
b10100 C
b11110 D
b11010 I

#3910000
0!
0,

#3910500
0'
01
09
0<
b10011 C
b11010 D

#3913000
0&
00

#3915000
1!
1,
b11010 J

#3916500
1&
10

#3917500
b1010010 +

#3920000
0!
0&
0,
00

#3923500
1&
10

#3925000
1!
1,
b11010 7
b11010 >
b11010 K

#3927000
0&
00

#3930000
0!
0,

#3930500
1&
10

#3931500
1'
11
19
1<
b10100 C
b11110 D

#3934000
0&
00

#3935000
1!
1,

#3937500
1&
b11100110111111011011100111110 (
10
b10100 3
b11110 5
b10100 =
b10101 C
b11111 D
b11110 I

#3938500
0'
01
09
0<
b10100 C
b11110 D

#3940000
0!
0,

#3941000
0&
00

#3944500
1&
10

#3945000
1!
1,
b11110 J

#3945500
b1010011 +

#3948000
0&
00

#3950000
0!
0,

#3951500
1&
10

#3955000
1!
0&
1,
00
b11110 7
b11110 >
b11110 K

#3958500
1&
10

#3960000
0!
0,

#3962000
0&
00

#3965000
1!
1,

#3965500
1&
10

#3966000
1#
b10101110101110100011011011100110 $
1.
b10101110101110100011011011100110 /
18
1:
b11011 ?
b10110 @

#3969000
0&
00

#3970000
0!
0,

#3972500
1&
10

#3975000
1!
1,
b11011 2
b10110 4
b11011 ;
b11100 ?
b10010 @
b10110 F

#3976000
0#
0&
0.
00
08
0:
b11011 ?
b10110 @

#3979500
1&
10
b10110 G

#3980000
0!
0,

#3980500
1'
11
19
1<
b10101 C
b11111 D

#3983000
0&
00

#3985000
1!
1,

#3986500
1&
b10110100000101011001100101100101 (
10
b10101 3
b11111 5
b10110 6
b10101 =
b10110 B
b10110 C
b11101 D
b10110 H
b11111 I

#3987500
0'
01
09
0<
b10101 C
b11111 D

#3990000
0!
0&
0,
00

#3993500
1&
10

#3994500
b1010100 +

#3995000
1!
1,
b11111 J

#3996000
1#
b1101001000000101011000001100010 $
1.
b1101001000000101011000001100010 /
18
1:
b11100 ?
b10010 @

#3997000
0&
00

#4000000
0!
0,

#4000500
1&
10

#4004000
0&
00

#4005000
1!
1,
b11100 2
b10010 4
b11111 7
b11100 ;
b11111 >
b11101 ?
b10011 @
b10010 F
b11111 K

#4006000
0#
0.
08
0:
b11100 ?
b10010 @

#4007500
1&
10
b10010 G

#4008500
1'
11
19
1<
b10110 C
b11101 D

#4010000
0!
0,

#4011000
0&
00

#4014500
1&
b1001000010010010010110110000000 (
10
b10110 3
b11101 5
b10010 6
b10110 =
b10010 B
b10111 C
b11100 D
b10010 H
b11101 I

#4015000
1!
1,
b11101 J

#4015500
0'
01
09
0<
b10110 C
b11101 D

#4018000
0&
00

#4020000
0!
0,

#4021500
1&
10

#4022500
b1010101 +

#4025000
1!
0&
1,
00
b11101 7
b11101 >
b11101 K

#4026000
1#
b1111100110111111000001111001010 $
1.
b1111100110111111000001111001010 /
18
1:
b11101 ?
b10011 @

#4028500
1&
10

#4030000
0!
0,

#4032000
0&
00

#4035000
1!
1,
b11101 2
b10011 4
b11101 ;
b11110 ?
b10001 @
b10011 F

#4035500
1&
10
b10011 G

#4036000
0#
0.
08
0:
b11101 ?
b10011 @

#4039000
0&
00

#4040000
0!
0,

#4042500
1&
10
b10011 6
b10011 B
b10011 H

#4045000
1!
1,

#4046000
0&
00

#4049500
1&
10

#4050000
0!
0,

#4053000
0&
00

#4055000
1!
1,

#4056000
1#
b10101101111110111000110100101011 $
1.
b10101101111110111000110100101011 /
18
1:
b11110 ?
b10001 @

#4056500
1&
10

#4060000
0!
0&
0,
00

#4063500
1&
10

#4065000
1!
1,
b11110 2
b10001 4
b11110 ;
b11111 ?
b10000 @
b10001 F

#4066000
0#
0.
08
0:
b11110 ?
b10001 @

#4067000
0&
00

#4070000
0!
0,

#4070500
1&
10
b10001 G

#4074000
0&
00

#4075000
1!
1,

#4077500
1&
10
b10001 6
b10001 B
b10001 H

#4080000
0!
0,

#4081000
0&
00

#4084500
1&
10

#4085000
1!
1,

#4086000
1#
b1111001011100101001111110110100 $
1.
b1111001011100101001111110110100 /
18
1:
b11111 ?
b10000 @

#4088000
0&
00

#4090000
0!
0,

#4091500
1&
10

#4095000
1!
0&
1,
00
b11111 2
b10000 4
b11111 ;
b0 ?
b0 @
b10000 F

#4096000
0#
0.
08
0:
b11111 ?
b10000 @

#4098500
1&
10
b10000 G

#4100000
0!
0,

#4102000
0&
00

#4105000
1!
1,

#4105500
1&
10
b10000 6
b10000 B
b10000 H

#4109000
0&
00

#4110000
0!
0,

#4112500
1&
10

#4115000
1!
1,

#4116000
0&
00

#4119500
1&
10

#4120000
0!
0,

#4123000
0&
00

#4125000
1!
1,

#4126000
1#
b10101101100111101111100110010110 $
1.
b10101101100111101111100110010110 /
18
1:
b0 ?
b0 @

#4126500
1&
10

#4130000
0!
0&
0,
00

#4133500
1&
10

#4135000
1!
1,
b0 2
b0 4
b0 ;
b1 ?
b1 @
b0 F

#4136000
0#
0.
08
0:
b0 ?
b0 @

#4137000
0&
00

#4140000
0!
0,

#4140500
1&
10
b0 G

#4141500
1'
11
19
1<
b10111 C
b11100 D

#4144000
0&
00

#4145000
1!
1,

#4147500
1&
b1111110000100101111111000110110 (
10
b10111 3
b11100 5
b0 6
b10111 =
b0 B
b11000 C
b10100 D
b0 H
b11100 I

#4148500
0'
01
09
0<
b10111 C
b11100 D

#4150000
0!
0,

#4151000
0&
00

#4154500
1&
10

#4155000
1!
1,
b11100 J

#4155500
b1010110 +

#4158000
0&
00

#4160000
0!
0,

#4161500
1&
10

#4165000
1!
0&
1,
00
b11100 7
b11100 >
b11100 K

#4166000
1#
b111110000001100101101000110011 $
1.
b111110000001100101101000110011 /
18
1:
b1 ?
b1 @

#4168500
1&
10

#4170000
0!
0,

#4172000
0&
00

#4175000
1!
1,
b1 2
b1 4
b1 ;
b10 ?
b11 @
b1 F

#4175500
1&
10
b1 G

#4176000
0#
0.
08
0:
b1 ?
b1 @

#4179000
0&
00

#4180000
0!
0,

#4182500
1&
10
b1 6
b1 B
b1 H

#4185000
1!
1,

#4186000
0&
00

#4189500
1&
10

#4190000
0!
0,

#4193000
0&
00

#4195000
1!
1,

#4196500
1&
10

#4197500
1'
11
19
1<
b11000 C
b10100 D

#4200000
0!
0&
0,
00

#4203500
1&
b1111100000011011101110010010100 (
10
b11000 3
b10100 5
b11000 =
b11001 C
b10101 D
b10100 I

#4204500
0'
01
09
0<
b11000 C
b10100 D

#4205000
1!
1,
b10100 J

#4207000
0&
00

#4210000
0!
0,

#4210500
1&
10

#4211500
b1010111 +

#4214000
0&
00

#4215000
1!
1,
b10100 7
b10100 >
b10100 K

#4217500
1&
10

#4218500
1'
11
19
1<
b11001 C
b10101 D

#4220000
0!
0,

#4221000
0&
00

#4224500
1&
b111100111000000110010000001100 (
10
b11001 3
b10101 5
b11001 =
b11010 C
b10111 D
b10101 I

#4225000
1!
1,
b10101 J

#4225500
0'
01
09
0<
b11001 C
b10101 D

#4228000
0&
00

#4230000
0!
0,

#4231500
1&
10

#4232500
b1011000 +

#4235000
1!
0&
1,
00
b10101 7
b10101 >
b10101 K

#4236000
1#
b1010110000100100011011111111110 $
1.
b1010110000100100011011111111110 /
18
1:
b10 ?
b11 @

#4238500
1&
10

#4240000
0!
0,

#4242000
0&
00

#4245000
1!
1,
b10 2
b11 4
b10 ;
b11 ?
b10 @
b11 F

#4245500
1&
10
b11 G

#4246000
0#
0.
08
0:
b10 ?
b11 @

#4249000
0&
00

#4250000
0!
0,

#4252500
1&
10
b11 6
b11 B
b11 H

#4253500
1'
11
19
1<
b11010 C
b10111 D

#4255000
1!
1,

#4256000
0&
00

#4259500
1&
b1010000100000011101001111000101 (
10
b11010 3
b10111 5
b11010 =
b11011 C
b10110 D
b10111 I

#4260000
0!
0,

#4260500
0'
01
09
0<
b11010 C
b10111 D

#4263000
0&
00

#4265000
1!
1,
b10111 J

#4266500
1&
10

#4267500
b1011001 +

#4270000
0!
0&
0,
00

#4273500
1&
10

#4274500
1'
11
19
1<
b11011 C
b10110 D

#4275000
1!
1,
b10111 7
b10111 >
b10111 K

#4277000
0&
00

#4280000
0!
0,

#4280500
1&
b10101110101110100011011011100110 (
10
b11011 3
b10110 5
b11011 =
b11100 C
b10010 D
b10110 I

#4281500
0'
01
09
0<
b11011 C
b10110 D

#4284000
0&
00

#4285000
1!
1,
b10110 J

#4287500
1&
10

#4288500
b1011010 +

#4290000
0!
0,

#4291000
0&
00

#4294500
1&
10

#4295000
1!
1,
b10110 7
b10110 >
b10110 K

#4295500
1'
11
19
1<
b11100 C
b10010 D

#4298000
0&
00

#4300000
0!
0,

#4301500
1&
b1101001000000101011000001100010 (
10
b11100 3
b10010 5
b11100 =
b11101 C
b10011 D
b10010 I

#4302500
0'
01
09
0<
b11100 C
b10010 D

#4305000
1!
0&
1,
00
b10010 J

#4308500
1&
10

#4309500
b1011011 +

#4310000
0!
0,

#4312000
0&
00

#4315000
1!
1,
b10010 7
b10010 >
b10010 K

#4315500
1&
10

#4316000
1#
b10000011110001111101100101010000 $
1.
b10000011110001111101100101010000 /
18
1:
b11 ?
b10 @

#4319000
0&
00

#4320000
0!
0,

#4322500
1&
10

#4325000
1!
1,
b11 2
b10 4
b11 ;
b100 ?
b110 @
b10 F

#4326000
0#
0&
0.
00
08
0:
b11 ?
b10 @

#4329500
1&
10
b10 G

#4330000
0!
0,

#4333000
0&
00

#4335000
1!
1,

#4336000
1#
b10101100001110101000000011111100 $
1.
b10101100001110101000000011111100 /
18
1:
b100 ?
b110 @

#4336500
1&
10
b10 6
b10 B
b10 H

#4340000
0!
0&
0,
00

#4343500
1&
10

#4345000
1!
1,
b100 2
b110 4
b100 ;
b101 ?
b111 @
b110 F

#4346000
0#
0.
08
0:
b100 ?
b110 @

#4347000
0&
00

#4350000
0!
0,

#4350500
1&
10
b110 G

#4354000
0&
00

#4355000
1!
1,

#4356000
1#
b1101101100011110011111111100010 $
1.
b1101101100011110011111111100010 /
18
1:
b101 ?
b111 @

#4357500
1&
10
b110 6
b110 B
b110 H

#4360000
0!
0,

#4361000
0&
00

#4364500
1&
10

#4365000
1!
1,
b101 2
b111 4
b101 ;
b110 ?
b101 @
b111 F

#4366000
0#
0.
08
0:
b101 ?
b111 @

#4368000
0&
00

#4370000
0!
0,

#4371500
1&
10
b111 G

#4375000
1!
0&
1,
00

#4378500
1&
10
b111 6
b111 B
b111 H

#4379500
1'
11
19
1<
b11101 C
b10011 D

#4380000
0!
0,

#4382000
0&
00

#4385000
1!
1,

#4385500
1&
b1111100110111111000001111001010 (
10
b11101 3
b10011 5
b11101 =
b11110 C
b10001 D
b10011 I

#4386500
0'
01
09
0<
b11101 C
b10011 D

#4389000
0&
00

#4390000
0!
0,

#4392500
1&
10

#4393500
b1011100 +

#4395000
1!
1,
b10011 J

#4396000
0&
00

#4399500
1&
10

#4400000
0!
0,

#4400500
1'
11
19
1<
b11110 C
b10001 D

#4403000
0&
00

#4405000
1!
1,
b10011 7
b10011 >
b10011 K

#4406500
1&
b10101101111110111000110100101011 (
10
b11110 3
b10001 5
b11110 =
b11111 C
b10000 D
b10001 I

#4407500
0'
01
09
0<
b11110 C
b10001 D

#4410000
0!
0&
0,
00

#4413500
1&
10

#4414500
b1011101 +

#4415000
1!
1,
b10001 J

#4417000
0&
00

#4420000
0!
0,

#4420500
1&
10

#4424000
0&
00

#4425000
1!
1,
b10001 7
b10001 >
b10001 K

#4427500
1&
10

#4428500
1'
11
19
1<
b11111 C
b10000 D

#4430000
0!
0,

#4431000
0&
00

#4434500
1&
b1111001011100101001111110110100 (
10
b11111 3
b10000 5
b11111 =
b0 C
b0 D
b10000 I

#4435000
1!
1,
b10000 J

#4435500
0'
01
09
0<
b11111 C
b10000 D

#4438000
0&
00

#4440000
0!
0,

#4441500
1&
10

#4442500
b1011110 +

#4445000
1!
0&
1,
00
b10000 7
b10000 >
b10000 K

#4448500
1&
10

#4449500
1'
11
19
1<
b0 C
b0 D

#4450000
0!
0,

#4452000
0&
00

#4455000
1!
1,

#4455500
1&
b10101101100111101111100110010110 (
10
b0 3
b0 5
b0 =
b1 C
b1 D
b0 I

#4456500
0'
01
09
0<
b0 C
b0 D

#4459000
0&
00

#4460000
0!
0,

#4462500
1&
10

#4463500
b1011111 +

#4465000
1!
1,
b0 J

#4466000
1#
b1101001010101111001100010000010 $
0&
1.
b1101001010101111001100010000010 /
00
18
1:
b110 ?
b101 @

#4469500
1&
10

#4470000
0!
0,

#4473000
0&
00

#4475000
1!
1,
b110 2
b101 4
b0 7
b110 ;
b0 >
b111 ?
b100 @
b101 F
b0 K

#4476000
0#
0.
08
0:
b110 ?
b101 @

#4476500
1&
10
b101 G

#4477500
1'
11
19
1<
b1 C
b1 D

#4480000
0!
0&
0,
00

#4483500
1&
b111110000001100101101000110011 (
10
b1 3
b1 5
b101 6
b1 =
b101 B
b10 C
b11 D
b101 H
b1 I

#4484500
0'
01
09
0<
b1 C
b1 D

#4485000
1!
1,
b1 J

#4487000
0&
00

#4490000
0!
0,

#4490500
1&
10

#4491500
b1100000 +

#4494000
0&
00

#4495000
1!
1,
b1 7
b1 >
b1 K

#4497500
1&
10

#4498500
1'
11
19
1<
b10 C
b11 D

#4500000
0!
0,

#4501000
0&
00

#4504500
1&
b1010110000100100011011111111110 (
10
b10 3
b11 5
b10 =
b11 C
b10 D
b11 I

#4505000
1!
1,
b11 J

#4505500
0'
01
09
0<
b10 C
b11 D

#4508000
0&
00

#4510000
0!
0,

#4511500
1&
10

#4512500
b1100001 +

#4515000
1!
0&
1,
00
b11 7
b11 >
b11 K

#4518500
1&
10

#4519500
1'
11
19
1<
b11 C
b10 D

#4520000
0!
0,

#4522000
0&
00

#4525000
1!
1,

#4525500
1&
b10000011110001111101100101010000 (
10
b11 3
b10 5
b11 =
b100 C
b110 D
b10 I

#4526500
0'
01
09
0<
b11 C
b10 D

#4529000
0&
00

#4530000
0!
0,

#4532500
1&
10

#4533500
b1100010 +

#4535000
1!
1,
b10 J

#4536000
0&
00

#4539500
1&
10

#4540000
0!
0,

#4543000
0&
00

#4545000
1!
1,
b10 7
b10 >
b10 K

#4546500
1&
10

#4550000
0!
0&
0,
00

#4553500
1&
10

#4555000
1!
1,

#4557000
0&
00

#4560000
0!
0,

#4560500
1&
10

#4561500
1'
11
19
1<
b100 C
b110 D

#4564000
0&
00

#4565000
1!
1,

#4567500
1&
b10101100001110101000000011111100 (
10
b100 3
b110 5
b100 =
b101 C
b111 D
b110 I

#4568500
0'
01
09
0<
b100 C
b110 D

#4570000
0!
0,

#4571000
0&
00

#4574500
1&
10

#4575000
1!
1,
b110 J

#4575500
b1100011 +

#4578000
0&
00

#4580000
0!
0,

#4581500
1&
10

#4585000
1!
0&
1,
00
b110 7
b110 >
b110 K

#4586000
1#
b1001110111010110000100000000 $
1.
b1001110111010110000100000000 /
18
1:
b111 ?
b100 @

#4588500
1&
10

#4590000
0!
0,

#4592000
0&
00

#4595000
1!
1,
b111 2
b100 4
b111 ;
b1000 ?
b1100 @
b100 F

#4595500
1&
10
b100 G

#4596000
0#
0.
08
0:
b111 ?
b100 @

#4599000
0&
00

#4600000
0!
0,

#4602500
1&
10
b100 6
b100 B
b100 H

#4605000
1!
1,

#4606000
1#
b10011110110111111101100000000 $
0&
1.
b10011110110111111101100000000 /
00
18
1:
b1000 ?
b1100 @

#4609500
1&
10

#4610000
0!
0,

#4613000
0&
00

#4615000
1!
1,
b1000 2
b1100 4
b1000 ;
b1001 ?
b1101 @
b1100 F

#4616000
0#
0.
08
0:
b1000 ?
b1100 @

#4616500
1&
10
b1100 G

#4620000
0!
0&
0,
00

#4623500
1&
10
b1100 6
b1100 B
b1100 H

#4625000
1!
1,

#4626000
1#
b110000101000010110001100000001 $
1.
b110000101000010110001100000001 /
18
1:
b1001 ?
b1101 @

#4627000
0&
00

#4630000
0!
0,

#4630500
1&
10

#4634000
0&
00

#4635000
1!
1,
b1001 2
b1101 4
b1001 ;
b1010 ?
b1111 @
b1101 F

#4636000
0#
0.
08
0:
b1001 ?
b1101 @

#4637500
1&
10
b1101 G

#4640000
0!
0,

#4641000
0&
00

#4644500
1&
10
b1101 6
b1101 B
b1101 H

#4645000
1!
1,

#4646000
1#
b111010101111001011101010000111 $
1.
b111010101111001011101010000111 /
18
1:
b1010 ?
b1111 @

#4648000
0&
00

#4650000
0!
0,

#4651500
1&
10

#4655000
1!
0&
1,
00
b1010 2
b1111 4
b1010 ;
b1011 ?
b1110 @
b1111 F

#4656000
0#
0.
08
0:
b1010 ?
b1111 @

#4658500
1&
10
b1111 G

#4659500
1'
11
19
1<
b101 C
b111 D

#4660000
0!
0,

#4662000
0&
00

#4665000
1!
1,

#4665500
1&
b1101101100011110011111111100010 (
10
b101 3
b111 5
b1111 6
b101 =
b1111 B
b110 C
b101 D
b1111 H
b111 I

#4666500
0'
01
09
0<
b101 C
b111 D

#4669000
0&
00

#4670000
0!
0,

#4672500
1&
10

#4673500
b1100100 +

#4675000
1!
1,
b111 J

#4676000
1#
b10001001110011100110001100101000 $
0&
1.
b10001001110011100110001100101000 /
00
18
1:
b1011 ?
b1110 @

#4679500
1&
10

#4680000
0!
0,

#4683000
0&
00

#4685000
1!
1,
b1011 2
b1110 4
b111 7
b1011 ;
b111 >
b1100 ?
b1010 @
b1110 F
b111 K

#4686000
0#
0.
08
0:
b1011 ?
b1110 @

#4686500
1&
10
b1110 G

#4690000
0!
0&
0,
00

#4693500
1&
10
b1110 6
b1110 B
b1110 H

#4695000
1!
1,

#4697000
0&
00

#4700000
0!
0,

#4700500
1&
10

#4704000
0&
00

#4705000
1!
1,

#4707500
1&
10

#4710000
0!
0,

#4711000
0&
00

#4714500
1&
10

#4715000
1!
1,

#4718000
0&
00

#4720000
0!
0,

#4721500
1&
10

#4725000
1!
0&
1,
00

#4726000
1#
b1010110110001000011101000011000 $
1.
b1010110110001000011101000011000 /
18
1:
b1100 ?
b1010 @

#4728500
1&
10

#4730000
0!
0,

#4732000
0&
00

#4735000
1!
1,
b1100 2
b1010 4
b1100 ;
b1101 ?
b1011 @
b1010 F

#4735500
1&
10
b1010 G

#4736000
0#
0.
08
0:
b1100 ?
b1010 @

#4739000
0&
00

#4740000
0!
0,

#4742500
1&
10
b1010 6
b1010 B
b1010 H

#4745000
1!
1,

#4746000
0&
00

#4749500
1&
10

#4750000
0!
0,

#4753000
0&
00

#4755000
1!
1,

#4756500
1&
10

#4760000
0!
0&
0,
00

#4763500
1&
10

#4765000
1!
1,

#4767000
0&
00

#4770000
0!
0,

#4770500
1&
10

#4774000
0&
00

#4775000
1!
1,

#4776000
1#
b10001000010011111001110011100101 $
1.
b10001000010011111001110011100101 /
18
1:
b1101 ?
b1011 @

#4777500
1&
10

#4780000
0!
0,

#4781000
0&
00

#4784500
1&
10

#4785000
1!
1,
b1101 2
b1011 4
b1101 ;
b1110 ?
b1001 @
b1011 F

#4786000
0#
0.
08
0:
b1101 ?
b1011 @

#4788000
0&
00

#4790000
0!
0,

#4791500
1&
10
b1011 G

#4795000
1!
0&
1,
00

#4798500
1&
10
b1011 6
b1011 B
b1011 H

#4800000
0!
0,

#4802000
0&
00

#4805000
1!
1,

#4805500
1&
10

#4806500
1'
11
19
1<
b110 C
b101 D

#4809000
0&
00

#4810000
0!
0,

#4812500
1&
b1101001010101111001100010000010 (
10
b110 3
b101 5
b110 =
b111 C
b100 D
b101 I

#4813500
0'
01
09
0<
b110 C
b101 D

#4815000
1!
1,
b101 J

#4816000
0&
00

#4819500
1&
10

#4820000
0!
0,

#4820500
b1100101 +

#4823000
0&
00

#4825000
1!
1,
b101 7
b101 >
b101 K

#4826500
1&
10

#4827500
1'
11
19
1<
b111 C
b100 D

#4830000
0!
0&
0,
00

#4833500
1&
b1001110111010110000100000000 (
10
b111 3
b100 5
b111 =
b1000 C
b1100 D
b100 I

#4834500
0'
01
09
0<
b111 C
b100 D

#4835000
1!
1,
b100 J

#4837000
0&
00

#4840000
0!
0,

#4840500
1&
10

#4841500
b1100110 +

#4844000
0&
00

#4845000
1!
1,
b100 7
b100 >
b100 K

#4847500
1&
10

#4848500
1'
11
19
1<
b1000 C
b1100 D

#4850000
0!
0,

#4851000
0&
00

#4854500
1&
b10011110110111111101100000000 (
10
b1000 3
b1100 5
b1000 =
b1001 C
b1101 D
b1100 I

#4855000
1!
1,
b1100 J

#4855500
0'
01
09
0<
b1000 C
b1100 D

#4858000
0&
00

#4860000
0!
0,

#4861500
1&
10

#4862500
b1100111 +

#4865000
1!
0&
1,
00
b1100 7
b1100 >
b1100 K

#4866000
1#
b10100010010000011011001001000 $
1.
b10100010010000011011001001000 /
18
1:
b1110 ?
b1001 @

#4868500
1&
10

#4870000
0!
0,

#4872000
0&
00

#4875000
1!
1,
b1110 2
b1001 4
b1110 ;
b1111 ?
b1000 @
b1001 F

#4875500
1&
10
b1001 G

#4876000
0#
0.
08
0:
b1110 ?
b1001 @

#4879000
0&
00

#4880000
0!
0,

#4882500
1&
10
b1001 6
b1001 B
b1001 H

#4885000
1!
1,

#4886000
1#
b10011010000111000101111010100101 $
0&
1.
b10011010000111000101111010100101 /
00
18
1:
b1111 ?
b1000 @

#4889500
1&
10

#4890000
0!
0,

#4893000
0&
00

#4895000
1!
1,
b1111 2
b1000 4
b1111 ;
b10000 ?
b11000 @
b1000 F

#4896000
0#
0.
08
0:
b1111 ?
b1000 @

#4896500
1&
10
b1000 G

#4900000
0!
0&
0,
00

#4903500
1&
10
b1000 6
b1000 B
b1000 H

#4905000
1!
1,

#4906000
1#
b101010011010011010001100010 $
1.
b101010011010011010001100010 /
18
1:
b10000 ?
b11000 @

#4907000
0&
00

#4910000
0!
0,

#4910500
1&
10

#4914000
0&
00

#4915000
1!
1,
b10000 2
b11000 4
b10000 ;
b10001 ?
b11001 @
b11000 F

#4916000
0#
0.
08
0:
b10000 ?
b11000 @

#4917500
1&
10
b11000 G

#4918500
1'
11
19
1<
b1001 C
b1101 D

#4920000
0!
0,

#4921000
0&
00

#4924500
1&
b110000101000010110001100000001 (
10
b1001 3
b1101 5
b11000 6
b1001 =
b11000 B
b1010 C
b1111 D
b11000 H
b1101 I

#4925000
1!
1,
b1101 J

#4925500
0'
01
09
0<
b1001 C
b1101 D

#4928000
0&
00

#4930000
0!
0,

#4931500
1&
10

#4932500
b1101000 +

#4935000
1!
0&
1,
00
b1101 7
b1101 >
b1101 K

#4938500
1&
10

#4940000
0!
0,

#4942000
0&
00

#4945000
1!
1,

#4945500
1&
10

#4946500
1'
11
19
1<
b1010 C
b1111 D

#4949000
0&
00

#4950000
0!
0,

#4952500
1&
b111010101111001011101010000111 (
10
b1010 3
b1111 5
b1010 =
b1011 C
b1110 D
b1111 I

#4953500
0'
01
09
0<
b1010 C
b1111 D

#4955000
1!
1,
b1111 J

#4956000
0&
00

#4959500
1&
10

#4960000
0!
0,

#4960500
b1101001 +

#4963000
0&
00

#4965000
1!
1,
b1111 7
b1111 >
b1111 K

#4966000
1#
b10101000101101110010010000011000 $
1.
b10101000101101110010010000011000 /
18
1:
b10001 ?
b11001 @

#4966500
1&
10

#4970000
0!
0&
0,
00

#4973500
1&
10

#4975000
1!
1,
b10001 2
b11001 4
b10001 ;
b10010 ?
b11011 @
b11001 F

#4976000
0#
0.
08
0:
b10001 ?
b11001 @

#4977000
0&
00

#4980000
0!
0,

#4980500
1&
10
b11001 G

#4981500
1'
11
19
1<
b1011 C
b1110 D

#4984000
0&
00

#4985000
1!
1,

#4987500
1&
b10001001110011100110001100101000 (
10
b1011 3
b1110 5
b11001 6
b1011 =
b11001 B
b1100 C
b1010 D
b11001 H
b1110 I

#4988500
0'
01
09
0<
b1011 C
b1110 D

#4990000
0!
0,

#4991000
0&
00

#4994500
1&
10

#4995000
1!
1,
b1110 J

#4995500
b1101010 +

#4998000
0&
00

#5000000
0!
0,

#5001500
1&
10

#5005000
1!
0&
1,
00
b1110 7
b1110 >
b1110 K

#5008500
1&
10

#5010000
0!
0,

#5012000
0&
00

#5015000
1!
1,

#5015500
1&
10

#5016000
1#
b1111111000101010001100101011000 $
1.
b1111111000101010001100101011000 /
18
1:
b10010 ?
b11011 @

#5019000
0&
00

#5020000
0!
0,

#5022500
1&
10

#5025000
1!
1,
b10010 2
b11011 4
b10010 ;
b10011 ?
b11010 @
b11011 F

#5026000
0#
0&
0.
00
08
0:
b10010 ?
b11011 @

#5029500
1&
10
b11011 G

#5030000
0!
0,

#5033000
0&
00

#5035000
1!
1,

#5036000
1#
b1011000100010101111010000101011 $
1.
b1011000100010101111010000101011 /
18
1:
b10011 ?
b11010 @

#5036500
1&
10
b11011 6
b11011 B
b11011 H

#5040000
0!
0&
0,
00

#5043500
1&
10

#5045000
1!
1,
b10011 2
b11010 4
b10011 ;
b10100 ?
b11110 @
b11010 F

#5046000
0#
0.
08
0:
b10011 ?
b11010 @

#5047000
0&
00

#5050000
0!
0,

#5050500
1&
10
b11010 G

#5054000
0&
00

#5055000
1!
1,

#5056000
1#
b11111101011110111010000100001 $
1.
b11111101011110111010000100001 /
18
1:
b10100 ?
b11110 @

#5057500
1&
10
b11010 6
b11010 B
b11010 H

#5060000
0!
0,

#5061000
0&
00

#5064500
1&
10

#5065000
1!
1,
b10100 2
b11110 4
b10100 ;
b10101 ?
b11111 @
b11110 F

#5066000
0#
0.
08
0:
b10100 ?
b11110 @

#5068000
0&
00

#5070000
0!
0,

#5071500
1&
10
b11110 G

#5072500
1'
11
19
1<
b1100 C
b1010 D

#5075000
1!
0&
1,
00

#5078500
1&
b1010110110001000011101000011000 (
10
b1100 3
b1010 5
b11110 6
b1100 =
b11110 B
b1101 C
b1011 D
b11110 H
b1010 I

#5079500
0'
01
09
0<
b1100 C
b1010 D

#5080000
0!
0,

#5082000
0&
00

#5085000
1!
1,
b1010 J

#5085500
1&
10

#5086500
b1101011 +

#5089000
0&
00

#5090000
0!
0,

#5092500
1&
10

#5093500
1'
11
19
1<
b1101 C
b1011 D

#5095000
1!
1,
b1010 7
b1010 >
b1010 K

#5096000
0&
00

#5099500
1&
b10001000010011111001110011100101 (
10
b1101 3
b1011 5
b1101 =
b1110 C
b1001 D
b1011 I

#5100000
0!
0,

#5100500
0'
01
09
0<
b1101 C
b1011 D

#5103000
0&
00

#5105000
1!
1,
b1011 J

#5106500
1&
10

#5107500
b1101100 +

#5110000
0!
0&
0,
00

#5113500
1&
10

#5115000
1!
1,
b1011 7
b1011 >
b1011 K

#5117000
0&
00

#5120000
0!
0,

#5120500
1&
10

#5124000
0&
00

#5125000
1!
1,

#5127500
1&
10

#5130000
0!
0,

#5131000
0&
00

#5134500
1&
10

#5135000
1!
1,

#5136000
1#
b101111100101010111111111011011 $
1.
b101111100101010111111111011011 /
18
1:
b10101 ?
b11111 @

#5138000
0&
00

#5140000
0!
0,

#5141500
1&
10

#5145000
1!
0&
1,
00
b10101 2
b11111 4
b10101 ;
b10110 ?
b11101 @
b11111 F

#5146000
0#
0.
08
0:
b10101 ?
b11111 @

#5148500
1&
10
b11111 G

#5150000
0!
0,

#5152000
0&
00

#5155000
1!
1,

#5155500
1&
10
b11111 6
b11111 B
b11111 H

#5156000
1#
b10001101001011111011010110010101 $
1.
b10001101001011111011010110010101 /
18
1:
b10110 ?
b11101 @

#5159000
0&
00

#5160000
0!
0,

#5162500
1&
10

#5165000
1!
1,
b10110 2
b11101 4
b10110 ;
b10111 ?
b11100 @
b11101 F

#5166000
0#
0&
0.
00
08
0:
b10110 ?
b11101 @

#5169500
1&
10
b11101 G

#5170000
0!
0,

#5173000
0&
00

#5175000
1!
1,

#5176000
1#
b1110111011111111001101011000100 $
1.
b1110111011111111001101011000100 /
18
1:
b10111 ?
b11100 @

#5176500
1&
10
b11101 6
b11101 B
b11101 H

#5180000
0!
0&
0,
00

#5183500
1&
10

#5185000
1!
1,
b10111 2
b11100 4
b10111 ;
b11000 ?
b10100 @
b11100 F

#5186000
0#
0.
08
0:
b10111 ?
b11100 @

#5187000
0&
00

#5190000
0!
0,

#5190500
1&
10
b11100 G

#5194000
0&
00

#5195000
1!
1,

#5197500
1&
10
b11100 6
b11100 B
b11100 H

#5198500
1'
11
19
1<
b1110 C
b1001 D

#5200000
0!
0,

#5201000
0&
00

#5204500
1&
b10100010010000011011001001000 (
10
b1110 3
b1001 5
b1110 =
b1111 C
b1000 D
b1001 I

#5205000
1!
1,
b1001 J

#5205500
0'
01
09
0<
b1110 C
b1001 D

#5208000
0&
00

#5210000
0!
0,

#5211500
1&
10

#5212500
b1101101 +

#5215000
1!
0&
1,
00
b1001 7
b1001 >
b1001 K

#5218500
1&
10

#5220000
0!
0,

#5222000
0&
00

#5225000
1!
1,

#5225500
1&
10

#5226500
1'
11
19
1<
b1111 C
b1000 D

#5229000
0&
00

#5230000
0!
0,

#5232500
1&
b10011010000111000101111010100101 (
10
b1111 3
b1000 5
b1111 =
b10000 C
b11000 D
b1000 I

#5233500
0'
01
09
0<
b1111 C
b1000 D

#5235000
1!
1,
b1000 J

#5236000
0&
00

#5239500
1&
10

#5240000
0!
0,

#5240500
b1101110 +

#5243000
0&
00

#5245000
1!
1,
b1000 7
b1000 >
b1000 K

#5246500
1&
10

#5250000
0!
0&
0,
00

#5253500
1&
10

#5255000
1!
1,

#5256000
1#
b1011001100001011100111100100 $
1.
b1011001100001011100111100100 /
18
1:
b11000 ?
b10100 @

#5257000
0&
00

#5260000
0!
0,

#5260500
1&
10

#5264000
0&
00

#5265000
1!
1,
b11000 2
b10100 4
b11000 ;
b11001 ?
b10101 @
b10100 F

#5266000
0#
0.
08
0:
b11000 ?
b10100 @

#5267500
1&
10
b10100 G

#5270000
0!
0,

#5271000
0&
00

#5274500
1&
10
b10100 6
b10100 B
b10100 H

#5275000
1!
1,

#5276000
1#
b1100011011010101001111111000001 $
1.
b1100011011010101001111111000001 /
18
1:
b11001 ?
b10101 @

#5278000
0&
00

#5280000
0!
0,

#5281500
1&
10

#5285000
1!
0&
1,
00
b11001 2
b10101 4
b11001 ;
b11010 ?
b10111 @
b10101 F

#5286000
0#
0.
08
0:
b11001 ?
b10101 @

#5288500
1&
10
b10101 G

#5290000
0!
0,

#5292000
0&
00

#5295000
1!
1,

#5295500
1&
10
b10101 6
b10101 B
b10101 H

#5299000
0&
00

#5300000
0!
0,

#5302500
1&
10

#5305000
1!
1,

#5306000
0&
00

#5309500
1&
10

#5310000
0!
0,

#5310500
1'
11
19
1<
b10000 C
b11000 D

#5313000
0&
00

#5315000
1!
1,

#5316500
1&
b101010011010011010001100010 (
10
b10000 3
b11000 5
b10000 =
b10001 C
b11001 D
b11000 I

#5317500
0'
01
09
0<
b10000 C
b11000 D

#5320000
0!
0&
0,
00

#5323500
1&
10

#5324500
b1101111 +

#5325000
1!
1,
b11000 J

#5327000
0&
00

#5330000
0!
0,

#5330500
1&
10

#5331500
1'
11
19
1<
b10001 C
b11001 D

#5334000
0&
00

#5335000
1!
1,
b11000 7
b11000 >
b11000 K

#5337500
1&
b10101000101101110010010000011000 (
10
b10001 3
b11001 5
b10001 =
b10010 C
b11011 D
b11001 I

#5338500
0'
01
09
0<
b10001 C
b11001 D

#5340000
0!
0,

#5341000
0&
00

#5344500
1&
10

#5345000
1!
1,
b11001 J

#5345500
b1110000 +

#5348000
0&
00

#5350000
0!
0,

#5351500
1&
10

#5355000
1!
0&
1,
00
b11001 7
b11001 >
b11001 K

#5356000
1#
b101110101010100010110100010 $
1.
b101110101010100010110100010 /
18
1:
b11010 ?
b10111 @

#5358500
1&
10

#5360000
0!
0,

#5362000
0&
00

#5365000
1!
1,
b11010 2
b10111 4
b11010 ;
b11011 ?
b10110 @
b10111 F

#5365500
1&
10
b10111 G

#5366000
0#
0.
08
0:
b11010 ?
b10111 @

#5369000
0&
00

#5370000
0!
0,

#5372500
1&
10
b10111 6
b10111 B
b10111 H

#5375000
1!
1,

#5376000
1#
b1100010010010101110001111101000 $
0&
1.
b1100010010010101110001111101000 /
00
18
1:
b11011 ?
b10110 @

#5379500
1&
10

#5380000
0!
0,

#5383000
0&
00

#5385000
1!
1,
b11011 2
b10110 4
b11011 ;
b11100 ?
b10010 @
b10110 F

#5386000
0#
0.
08
0:
b11011 ?
b10110 @

#5386500
1&
10
b10110 G

#5387500
1'
11
19
1<
b10010 C
b11011 D

#5390000
0!
0&
0,
00

#5393500
1&
b1111111000101010001100101011000 (
10
b10010 3
b11011 5
b10110 6
b10010 =
b10110 B
b10011 C
b11010 D
b10110 H
b11011 I

#5394500
0'
01
09
0<
b10010 C
b11011 D

#5395000
1!
1,
b11011 J

#5397000
0&
00

#5400000
0!
0,

#5400500
1&
10

#5401500
b1110001 +

#5404000
0&
00

#5405000
1!
1,
b11011 7
b11011 >
b11011 K

#5407500
1&
10

#5408500
1'
11
19
1<
b10011 C
b11010 D

#5410000
0!
0,

#5411000
0&
00

#5414500
1&
b1011000100010101111010000101011 (
10
b10011 3
b11010 5
b10011 =
b10100 C
b11110 D
b11010 I

#5415000
1!
1,
b11010 J

#5415500
0'
01
09
0<
b10011 C
b11010 D

#5418000
0&
00

#5420000
0!
0,

#5421500
1&
10

#5422500
b1110010 +

#5425000
1!
0&
1,
00
b11010 7
b11010 >
b11010 K

#5428500
1&
10

#5429500
1'
11
19
1<
b10100 C
b11110 D

#5430000
0!
0,

#5432000
0&
00

#5435000
1!
1,

#5435500
1&
b11111101011110111010000100001 (
10
b10100 3
b11110 5
b10100 =
b10101 C
b11111 D
b11110 I

#5436500
0'
01
09
0<
b10100 C
b11110 D

#5439000
0&
00

#5440000
0!
0,

#5442500
1&
10

#5443500
b1110011 +

#5445000
1!
1,
b11110 J

#5446000
0&
00

#5449500
1&
10

#5450000
0!
0,

#5450500
1'
11
19
1<
b10101 C
b11111 D

#5453000
0&
00

#5455000
1!
1,
b11110 7
b11110 >
b11110 K

#5456500
1&
b101111100101010111111111011011 (
10
b10101 3
b11111 5
b10101 =
b10110 C
b11101 D
b11111 I

#5457500
0'
01
09
0<
b10101 C
b11111 D

#5460000
0!
0&
0,
00

#5463500
1&
10

#5464500
b1110100 +

#5465000
1!
1,
b11111 J

#5466000
1#
b10011101100000100011111000100111 $
1.
b10011101100000100011111000100111 /
18
1:
b11100 ?
b10010 @

#5467000
0&
00

#5470000
0!
0,

#5470500
1&
10

#5474000
0&
00

#5475000
1!
1,
b11100 2
b10010 4
b11111 7
b11100 ;
b11111 >
b11101 ?
b10011 @
b10010 F
b11111 K

#5476000
0#
0.
08
0:
b11100 ?
b10010 @

#5477500
1&
10
b10010 G

#5480000
0!
0,

#5481000
0&
00

#5484500
1&
10
b10010 6
b10010 B
b10010 H

#5485000
1!
1,

#5488000
0&
00

#5490000
0!
0,

#5491500
1&
10

#5495000
1!
0&
1,
00

#5498500
1&
10

#5500000
0!
0,

#5502000
0&
00

#5505000
1!
1,

#5505500
1&
10

#5509000
0&
00

#5510000
0!
0,

#5512500
1&
10

#5515000
1!
1,

#5516000
0&
00

#5519500
1&
10

#5520000
0!
0,

#5523000
0&
00

#5525000
1!
1,

#5526500
1&
10

#5530000
0!
0&
0,
00

#5533500
1&
10

#5535000
1!
1,

#5536000
1#
b1001011110001001101011110111101 $
1.
b1001011110001001101011110111101 /
18
1:
b11101 ?
b10011 @

#5537000
0&
00

#5540000
0!
0,

#5540500
1&
10

#5544000
0&
00

#5545000
1!
1,
b11101 2
b10011 4
b11101 ;
b11110 ?
b10001 @
b10011 F

#5546000
0#
0.
08
0:
b11101 ?
b10011 @

#5547500
1&
10
b10011 G

#5550000
0!
0,

#5551000
0&
00

#5554500
1&
10
b10011 6
b10011 B
b10011 H

#5555000
1!
1,

#5556000
1#
b111111001111001100010000 $
1.
b111111001111001100010000 /
18
1:
b11110 ?
b10001 @

#5558000
0&
00

#5560000
0!
0,

#5561500
1&
10

#5565000
1!
0&
1,
00
b11110 2
b10001 4
b11110 ;
b11111 ?
b10000 @
b10001 F

#5566000
0#
0.
08
0:
b11110 ?
b10001 @

#5568500
1&
10
b10001 G

#5569500
1'
11
19
1<
b10110 C
b11101 D

#5570000
0!
0,

#5572000
0&
00

#5575000
1!
1,

#5575500
1&
b10001101001011111011010110010101 (
10
b10110 3
b11101 5
b10001 6
b10110 =
b10001 B
b10111 C
b11100 D
b10001 H
b11101 I

#5576500
0'
01
09
0<
b10110 C
b11101 D

#5579000
0&
00

#5580000
0!
0,

#5582500
1&
10

#5583500
b1110101 +

#5585000
1!
1,
b11101 J

#5586000
0&
00

#5589500
1&
10

#5590000
0!
0,

#5590500
1'
11
19
1<
b10111 C
b11100 D

#5593000
0&
00

#5595000
1!
1,
b11101 7
b11101 >
b11101 K

#5596500
1&
b1110111011111111001101011000100 (
10
b10111 3
b11100 5
b10111 =
b11000 C
b10100 D
b11100 I

#5597500
0'
01
09
0<
b10111 C
b11100 D

#5600000
0!
0&
0,
00

#5603500
1&
10

#5604500
b1110110 +

#5605000
1!
1,
b11100 J

#5607000
0&
00

#5610000
0!
0,

#5610500
1&
10

#5611500
1'
11
19
1<
b11000 C
b10100 D

#5614000
0&
00

#5615000
1!
1,
b11100 7
b11100 >
b11100 K

#5617500
1&
b1011001100001011100111100100 (
10
b11000 3
b10100 5
b11000 =
b11001 C
b10101 D
b10100 I

#5618500
0'
01
09
0<
b11000 C
b10100 D

#5620000
0!
0,

#5621000
0&
00

#5624500
1&
10

#5625000
1!
1,
b10100 J

#5625500
b1110111 +

#5628000
0&
00

#5630000
0!
0,

#5631500
1&
10

#5635000
1!
0&
1,
00
b10100 7
b10100 >
b10100 K

#5638500
1&
10

#5640000
0!
0,

#5642000
0&
00

#5645000
1!
1,

#5645500
1&
10

#5646000
1#
b11111110111001000111110111100 $
1.
b11111110111001000111110111100 /
18
1:
b11111 ?
b10000 @

#5649000
0&
00

#5650000
0!
0,

#5652500
1&
10

#5655000
1!
1,
b11111 2
b10000 4
b11111 ;
b0 ?
b0 @
b10000 F

#5656000
0#
0&
0.
00
08
0:
b11111 ?
b10000 @

#5659500
1&
10
b10000 G

#5660000
0!
0,

#5663000
0&
00

#5665000
1!
1,

#5666500
1&
10
b10000 6
b10000 B
b10000 H

#5667500
1'
11
19
1<
b11001 C
b10101 D

#5670000
0!
0&
0,
00

#5673500
1&
b1100011011010101001111111000001 (
10
b11001 3
b10101 5
b11001 =
b11010 C
b10111 D
b10101 I

#5674500
0'
01
09
0<
b11001 C
b10101 D

#5675000
1!
1,
b10101 J

#5677000
0&
00

#5680000
0!
0,

#5680500
1&
10

#5681500
b1111000 +

#5684000
0&
00

#5685000
1!
1,
b10101 7
b10101 >
b10101 K

#5687500
1&
10

#5688500
1'
11
19
1<
b11010 C
b10111 D

#5690000
0!
0,

#5691000
0&
00

#5694500
1&
b101110101010100010110100010 (
10
b11010 3
b10111 5
b11010 =
b11011 C
b10110 D
b10111 I

#5695000
1!
1,
b10111 J

#5695500
0'
01
09
0<
b11010 C
b10111 D

#5698000
0&
00

#5700000
0!
0,

#5701500
1&
10

#5702500
b1111001 +

#5705000
1!
0&
1,
00
b10111 7
b10111 >
b10111 K

#5708500
1&
10

#5709500
1'
11
19
1<
b11011 C
b10110 D

#5710000
0!
0,

#5712000
0&
00

#5715000
1!
1,

#5715500
1&
b1100010010010101110001111101000 (
10
b11011 3
b10110 5
b11011 =
b11100 C
b10010 D
b10110 I

#5716500
0'
01
09
0<
b11011 C
b10110 D

#5719000
0&
00

#5720000
0!
0,

#5722500
1&
10

#5723500
b1111010 +

#5725000
1!
1,
b10110 J

#5726000
1#
b10101111010001011010001001101010 $
0&
1.
b10101111010001011010001001101010 /
00
18
1:
b0 ?
b0 @

#5729500
1&
10

#5730000
0!
0,

#5733000
0&
00

#5735000
1!
1,
b0 2
b0 4
b10110 7
b0 ;
b10110 >
b1 ?
b1 @
b0 F
b10110 K

#5736000
0#
0.
08
0:
b0 ?
b0 @

#5736500
1&
10
b0 G

#5740000
0!
0&
0,
00

#5743500
1&
10
b0 6
b0 B
b0 H

#5745000
1!
1,

#5747000
0&
00

#5750000
0!
0,

#5750500
1&
10

#5754000
0&
00

#5755000
1!
1,

#5756000
1#
b10011100111110000011111110010 $
1.
b10011100111110000011111110010 /
18
1:
b1 ?
b1 @

#5757500
1&
10

#5760000
0!
0,

#5761000
0&
00

#5764500
1&
10

#5765000
1!
1,
b1 2
b1 4
b1 ;
b10 ?
b11 @
b1 F

#5766000
0#
0.
08
0:
b1 ?
b1 @

#5768000
0&
00

#5770000
0!
0,

#5771500
1&
10
b1 G

#5772500
1'
11
19
1<
b11100 C
b10010 D

#5775000
1!
0&
1,
00

#5778500
1&
b10011101100000100011111000100111 (
10
b11100 3
b10010 5
b1 6
b11100 =
b1 B
b11101 C
b10011 D
b1 H
b10010 I

#5779500
0'
01
09
0<
b11100 C
b10010 D

#5780000
0!
0,

#5782000
0&
00

#5785000
1!
1,
b10010 J

#5785500
1&
10

#5786500
b1111011 +

#5789000
0&
00

#5790000
0!
0,

#5792500
1&
10

#5795000
1!
1,
b10010 7
b10010 >
b10010 K

#5796000
0&
00

#5799500
1&
10

#5800000
0!
0,

#5800500
1'
11
19
1<
b11101 C
b10011 D

#5803000
0&
00

#5805000
1!
1,

#5806500
1&
b1001011110001001101011110111101 (
10
b11101 3
b10011 5
b11101 =
b11110 C
b10001 D
b10011 I

#5807500
0'
01
09
0<
b11101 C
b10011 D

#5810000
0!
0&
0,
00

#5813500
1&
10

#5814500
b1111100 +

#5815000
1!
1,
b10011 J

#5816000
1#
b100111101010111010000010101100 $
1.
b100111101010111010000010101100 /
18
1:
b10 ?
b11 @

#5817000
0&
00

#5820000
0!
0,

#5820500
1&
10

#5824000
0&
00

#5825000
1!
1,
b10 2
b11 4
b10011 7
b10 ;
b10011 >
b11 ?
b10 @
b11 F
b10011 K

#5826000
0#
0.
08
0:
b10 ?
b11 @

#5827500
1&
10
b11 G

#5828500
1'
11
19
1<
b11110 C
b10001 D

#5830000
0!
0,

#5831000
0&
00

#5834500
1&
b111111001111001100010000 (
10
b11110 3
b10001 5
b11 6
b11110 =
b11 B
b11111 C
b10000 D
b11 H
b10001 I

#5835000
1!
1,
b10001 J

#5835500
0'
01
09
0<
b11110 C
b10001 D

#5838000
0&
00

#5840000
0!
0,

#5841500
1&
10

#5842500
b1111101 +

#5845000
1!
0&
1,
00
b10001 7
b10001 >
b10001 K

#5846000
1#
b100010111111111111100000001000 $
1.
b100010111111111111100000001000 /
18
1:
b11 ?
b10 @

#5848500
1&
10

#5850000
0!
0,

#5852000
0&
00

#5855000
1!
1,
b11 2
b10 4
b11 ;
b100 ?
b110 @
b10 F

#5855500
1&
10
b10 G

#5856000
0#
0.
08
0:
b11 ?
b10 @

#5859000
0&
00

#5860000
0!
0,

#5862500
1&
10
b10 6
b10 B
b10 H

#5865000
1!
1,

#5866000
1#
b1101101011100001011101100100011 $
0&
1.
b1101101011100001011101100100011 /
00
18
1:
b100 ?
b110 @

#5869500
1&
10

#5870000
0!
0,

#5873000
0&
00

#5875000
1!
1,
b100 2
b110 4
b100 ;
b101 ?
b111 @
b110 F

#5876000
0#
0.
08
0:
b100 ?
b110 @

#5876500
1&
10
b110 G

#5880000
0!
0&
0,
00

#5883500
1&
10
b110 6
b110 B
b110 H

#5885000
1!
1,

#5886000
1#
b11011001010011101011111000100 $
1.
b11011001010011101011111000100 /
18
1:
b101 ?
b111 @

#5887000
0&
00

#5890000
0!
0,

#5890500
1&
10

#5894000
0&
00

#5895000
1!
1,
b101 2
b111 4
b101 ;
b110 ?
b101 @
b111 F

#5896000
0#
0.
08
0:
b101 ?
b111 @

#5897500
1&
10
b111 G

#5900000
0!
0,

#5901000
0&
00

#5904500
1&
10
b111 6
b111 B
b111 H

#5905000
1!
1,

#5906000
1#
b1010000100100101111001100101101 $
1.
b1010000100100101111001100101101 /
18
1:
b110 ?
b101 @

#5908000
0&
00

#5910000
0!
0,

#5911500
1&
10

#5915000
1!
0&
1,
00
b110 2
b101 4
b110 ;
b111 ?
b100 @
b101 F

#5916000
0#
0.
08
0:
b110 ?
b101 @

#5918500
1&
10
b101 G

#5919500
1'
11
19
1<
b11111 C
b10000 D

#5920000
0!
0,

#5922000
0&
00

#5925000
1!
1,

#5925500
1&
b11111110111001000111110111100 (
10
b11111 3
b10000 5
b101 6
b11111 =
b101 B
b0 C
b0 D
b101 H
b10000 I

#5926500
0'
01
09
0<
b11111 C
b10000 D

#5929000
0&
00

#5930000
0!
0,

#5932500
1&
10

#5933500
b1111110 +

#5935000
1!
1,
b10000 J

#5936000
0&
00

#5939500
1&
10

#5940000
0!
0,

#5940500
1'
11
19
1<
b0 C
b0 D

#5943000
0&
00

#5945000
1!
1,
b10000 7
b10000 >
b10000 K

#5946500
1&
b10101111010001011010001001101010 (
10
b0 3
b0 5
b0 =
b1 C
b1 D
b0 I

#5947500
0'
01
09
0<
b0 C
b0 D

#5950000
0!
0&
0,
00

#5953500
1&
10

#5954500
b1111111 +

#5955000
1!
1,
b0 J

#5957000
0&
00

#5960000
0!
0,

#5960500
1&
10

#5961500
1'
11
19
1<
b1 C
b1 D

#5964000
0&
00

#5965000
1!
1,
b0 7
b0 >
b0 K

#5967500
1&
b10011100111110000011111110010 (
10
b1 3
b1 5
b1 =
b10 C
b11 D
b1 I

#5968500
0'
01
09
0<
b1 C
b1 D

#5970000
0!
0,

#5971000
0&
00

#5974500
1&
10

#5975000
1!
1,
b1 J

#5975500
b10000000 +

#5978000
0&
00

#5980000
0!
0,

#5981500
1&
10

#5982500
1'
11
19
1<
b10 C
b11 D

#5985000
1!
0&
1,
00
b1 7
b1 >
b1 K

#5988500
1&
b100111101010111010000010101100 (
10
b10 3
b11 5
b10 =
b11 C
b10 D
b11 I

#5989500
0'
01
09
0<
b10 C
b11 D

#5990000
0!
0,

#5992000
0&
00

#5995000
1!
1,
b11 J

#5995500
1&
10

#5996500
b10000001 +

#5999000
0&
00

#6000000
0!
0,

#6002500
1&
10

#6005000
1!
1,
b11 7
b11 >
b11 K

#6006000
1#
b11111110111111011000001011111 $
0&
1.
b11111110111111011000001011111 /
00
18
1:
b111 ?
b100 @

#6009500
1&
10

#6010000
0!
0,

#6013000
0&
00

#6015000
1!
1,
b111 2
b100 4
b111 ;
b1000 ?
b1100 @
b100 F

#6016000
0#
0.
08
0:
b111 ?
b100 @

#6016500
1&
10
b100 G

#6017500
1'
11
19
1<
b11 C
b10 D

#6020000
0!
0&
0,
00

#6023500
1&
b100010111111111111100000001000 (
10
b11 3
b10 5
b100 6
b11 =
b100 B
b100 C
b110 D
b100 H
b10 I

#6024500
0'
01
09
0<
b11 C
b10 D

#6025000
1!
1,
b10 J

#6027000
0&
00

#6030000
0!
0,

#6030500
1&
10

#6031500
b10000010 +

#6034000
0&
00

#6035000
1!
1,
b10 7
b10 >
b10 K

#6037500
1&
10

#6040000
0!
0,

#6041000
0&
00

#6044500
1&
10

#6045000
1!
1,

#6048000
0&
00

#6050000
0!
0,

#6051500
1&
10

#6055000
1!
0&
1,
00

#6056000
1#
b1110110001000111010000100001010 $
1.
b1110110001000111010000100001010 /
18
1:
b1000 ?
b1100 @

#6058500
1&
10

#6060000
0!
0,

#6062000
0&
00

#6065000
1!
1,
b1000 2
b1100 4
b1000 ;
b1001 ?
b1101 @
b1100 F

#6065500
1&
10
b1100 G

#6066000
0#
0.
08
0:
b1000 ?
b1100 @

#6069000
0&
00

#6070000
0!
0,

#6072500
1&
10
b1100 6
b1100 B
b1100 H

#6075000
1!
1,

#6076000
1#
b1010101011011001110011011010010 $
0&
1.
b1010101011011001110011011010010 /
00
18
1:
b1001 ?
b1101 @

#6079500
1&
10

#6080000
0!
0,

#6083000
0&
00

#6085000
1!
1,
b1001 2
b1101 4
b1001 ;
b1010 ?
b1111 @
b1101 F

#6086000
0#
0.
08
0:
b1001 ?
b1101 @

#6086500
1&
10
b1101 G

#6087500
1'
11
19
1<
b100 C
b110 D

#6090000
0!
0&
0,
00

#6093500
1&
b1101101011100001011101100100011 (
10
b100 3
b110 5
b1101 6
b100 =
b1101 B
b101 C
b111 D
b1101 H
b110 I

#6094500
0'
01
09
0<
b100 C
b110 D

#6095000
1!
1,
b110 J

#6097000
0&
00

#6100000
0!
0,

#6100500
1&
10

#6101500
b10000011 +

#6104000
0&
00

#6105000
1!
1,
b110 7
b110 >
b110 K

#6106000
1#
b1010110000000110101000111000100 $
1.
b1010110000000110101000111000100 /
18
1:
b1010 ?
b1111 @

#6107500
1&
10

#6110000
0!
0,

#6111000
0&
00

#6114500
1&
10

#6115000
1!
1,
b1010 2
b1111 4
b1010 ;
b1011 ?
b1110 @
b1111 F

#6116000
0#
0.
08
0:
b1010 ?
b1111 @

#6118000
0&
00

#6120000
0!
0,

#6121500
1&
10
b1111 G

#6122500
1'
11
19
1<
b101 C
b111 D

#6125000
1!
0&
1,
00

#6128500
1&
b11011001010011101011111000100 (
10
b101 3
b111 5
b1111 6
b101 =
b1111 B
b110 C
b101 D
b1111 H
b111 I

#6129500
0'
01
09
0<
b101 C
b111 D

#6130000
0!
0,

#6132000
0&
00

#6135000
1!
1,
b111 J

#6135500
1&
10

#6136500
b10000100 +

#6139000
0&
00

#6140000
0!
0,

#6142500
1&
10

#6145000
1!
1,
b111 7
b111 >
b111 K

#6146000
1#
b110101010110100101011111101001 $
0&
1.
b110101010110100101011111101001 /
00
18
1:
b1011 ?
b1110 @

#6149500
1&
10

#6150000
0!
0,

#6153000
0&
00

#6155000
1!
1,
b1011 2
b1110 4
b1011 ;
b1100 ?
b1010 @
b1110 F

#6156000
0#
0.
08
0:
b1011 ?
b1110 @

#6156500
1&
10
b1110 G

#6157500
1'
11
19
1<
b110 C
b101 D

#6160000
0!
0&
0,
00

#6163500
1&
b1010000100100101111001100101101 (
10
b110 3
b101 5
b1110 6
b110 =
b1110 B
b111 C
b100 D
b1110 H
b101 I

#6164500
0'
01
09
0<
b110 C
b101 D

#6165000
1!
1,
b101 J

#6167000
0&
00

#6170000
0!
0,

#6170500
1&
10

#6171500
b10000101 +

#6174000
0&
00

#6175000
1!
1,
b101 7
b101 >
b101 K

#6176000
1#
b11110000100111000100111101011 $
1.
b11110000100111000100111101011 /
18
1:
b1100 ?
b1010 @

#6177500
1&
10

#6180000
0!
0,

#6181000
0&
00

#6184500
1&
10

#6185000
1!
1,
b1100 2
b1010 4
b1100 ;
b1101 ?
b1011 @
b1010 F

#6186000
0#
0.
08
0:
b1100 ?
b1010 @

#6188000
0&
00

#6190000
0!
0,

#6191500
1&
10
b1010 G

#6195000
1!
0&
1,
00

#6198500
1&
10
b1010 6
b1010 B
b1010 H

#6199500
1'
11
19
1<
b111 C
b100 D

#6200000
0!
0,

#6202000
0&
00

#6205000
1!
1,

#6205500
1&
b11111110111111011000001011111 (
10
b111 3
b100 5
b111 =
b1000 C
b1100 D
b100 I

#6206500
0'
01
09
0<
b111 C
b100 D

#6209000
0&
00

#6210000
0!
0,

#6212500
1&
10

#6213500
b10000110 +

#6215000
1!
1,
b100 J

#6216000
1#
b1110000001001111011101001001010 $
0&
1.
b1110000001001111011101001001010 /
00
18
1:
b1101 ?
b1011 @

#6219500
1&
10

#6220000
0!
0,

#6223000
0&
00

#6225000
1!
1,
b1101 2
b1011 4
b100 7
b1101 ;
b100 >
b1110 ?
b1001 @
b1011 F
b100 K

#6226000
0#
0.
08
0:
b1101 ?
b1011 @

#6226500
1&
10
b1011 G

#6227500
1'
11
19
1<
b1000 C
b1100 D

#6230000
0!
0&
0,
00

#6233500
1&
b1110110001000111010000100001010 (
10
b1000 3
b1100 5
b1011 6
b1000 =
b1011 B
b1001 C
b1101 D
b1011 H
b1100 I

#6234500
0'
01
09
0<
b1000 C
b1100 D

#6235000
1!
1,
b1100 J

#6237000
0&
00

#6240000
0!
0,

#6240500
1&
10

#6241500
b10000111 +

#6244000
0&
00

#6245000
1!
1,
b1100 7
b1100 >
b1100 K

#6247500
1&
10

#6248500
1'
11
19
1<
b1001 C
b1101 D

#6250000
0!
0,

#6251000
0&
00

#6254500
1&
b1010101011011001110011011010010 (
10
b1001 3
b1101 5
b1001 =
b1010 C
b1111 D
b1101 I

#6255000
1!
1,
b1101 J

#6255500
0'
01
09
0<
b1001 C
b1101 D

#6258000
0&
00

#6260000
0!
0,

#6261500
1&
10

#6262500
b10001000 +

#6265000
1!
0&
1,
00
b1101 7
b1101 >
b1101 K

#6266000
1#
b10101010111010001001101111001110 $
1.
b10101010111010001001101111001110 /
18
1:
b1110 ?
b1001 @

#6268500
1&
10

#6270000
0!
0,

#6272000
0&
00

#6275000
1!
1,
b1110 2
b1001 4
b1110 ;
b1111 ?
b1000 @
b1001 F

#6275500
1&
10
b1001 G

#6276000
0#
0.
08
0:
b1110 ?
b1001 @

#6279000
0&
00

#6280000
0!
0,

#6282500
1&
10
b1001 6
b1001 B
b1001 H

#6285000
1!
1,

#6286000
0&
00

#6289500
1&
10

#6290000
0!
0,

#6290500
1'
11
19
1<
b1010 C
b1111 D

#6293000
0&
00

#6295000
1!
1,

#6296500
1&
b1010110000000110101000111000100 (
10
b1010 3
b1111 5
b1010 =
b1011 C
b1110 D
b1111 I

#6297500
0'
01
09
0<
b1010 C
b1111 D

#6300000
0!
0&
0,
00

#6303500
1&
10

#6304500
b10001001 +

#6305000
1!
1,
b1111 J

#6307000
0&
00

#6310000
0!
0,

#6310500
1&
10

#6314000
0&
00

#6315000
1!
1,
b1111 7
b1111 >
b1111 K

#6317500
1&
10

#6320000
0!
0,

#6321000
0&
00

#6324500
1&
10

#6325000
1!
1,

#6328000
0&
00

#6330000
0!
0,

#6331500
1&
10

#6335000
1!
0&
1,
00

#6338500
1&
10

#6340000
0!
0,

#6342000
0&
00

#6345000
1!
1,

#6345500
1&
10

#6349000
0&
00

#6350000
0!
0,

#6352500
1&
10

#6355000
1!
1,

#6356000
0&
00

#6359500
1&
10

#6360000
0!
0,

#6363000
0&
00

#6365000
1!
1,

#6366500
1&
10

#6370000
0!
0&
0,
00

#6373500
1&
10

#6375000
1!
1,

#6377000
0&
00

#6380000
0!
0,

#6380500
1&
10

#6384000
0&
00

#6385000
1!
1,

#6387500
1&
10

#6390000
0!
0,

#6391000
0&
00

#6394500
1&
10

#6395000
1!
1,

#6398000
0&
00

#6400000
0!
0,

#6401500
1&
10

#6402500
1'
11
19
1<
b1011 C
b1110 D

#6405000
1!
0&
1,
00

#6408500
1&
b110101010110100101011111101001 (
10
b1011 3
b1110 5
b1011 =
b1100 C
b1010 D
b1110 I

#6409500
0'
01
09
0<
b1011 C
b1110 D

#6410000
0!
0,

#6412000
0&
00

#6415000
1!
1,
b1110 J

#6415500
1&
10

#6416500
b10001010 +

#6419000
0&
00

#6420000
0!
0,

#6422500
1&
10

#6423500
1'
11
19
1<
b1100 C
b1010 D

#6425000
1!
1,
b1110 7
b1110 >
b1110 K

#6426000
0&
00

#6429500
1&
b11110000100111000100111101011 (
10
b1100 3
b1010 5
b1100 =
b1101 C
b1011 D
b1010 I

#6430000
0!
0,

#6430500
0'
01
09
0<
b1100 C
b1010 D

#6433000
0&
00

#6435000
1!
1,
b1010 J

#6436500
1&
10

#6437500
b10001011 +

#6440000
0!
0&
0,
00

#6443500
1&
10

#6444500
1'
11
19
1<
b1101 C
b1011 D

#6445000
1!
1,
b1010 7
b1010 >
b1010 K

#6447000
0&
00

#6450000
0!
0,

#6450500
1&
b1110000001001111011101001001010 (
10
b1101 3
b1011 5
b1101 =
b1110 C
b1001 D
1E
b1011 I

#6451500
0'
01
09
0<
b1101 C
b1011 D
0E

#6454000
0&
00

#6455000
1!
1,
b1011 J

#6457500
1&
10

#6458500
b10001100 +

#6460000
0!
0,

#6461000
0&
00

#6464500
1&
10

#6465000
1!
1,
b1011 7
b1011 >
b1011 K

#6465500
1'
11
19
1<
b1110 C
b1001 D
1E

#6468000
0&
00

#6470000
0!
0,

#6471500
1&
b10101010111010001001101111001110 (
1)
10
b1110 3
b1001 5
09
0<
b1110 =
b1001 I

#6472500
0'
01

#6475000
1!
0&
1,
00
b1001 J

#6478500
1&
10

#6479500
b10001101 +
